"dataset","tissue","fold","sample_id","engine_or_method","true_time","predicted_time","circular_error_h"
"GSE54650","Adr",1,"GSM1320991","timetable",20,20.8333333333333,0.833333333333332
"GSE54650","Adr",1,"GSM1320992","timetable",22,22.75,0.75
"GSE54650","Adr",1,"GSM1321002","timetable",18,17.75,0.25
"GSE54650","Adr",1,"GSM1321010","timetable",10,11.1666666666667,1.16666666666667
"GSE54650","Adr",2,"GSM1320993","timetable",0,0.25,0.25
"GSE54650","Adr",2,"GSM1320995","timetable",4,3.41666666666667,0.583333333333333
"GSE54650","Adr",2,"GSM1321008","timetable",6,6.41666666666667,0.416666666666666
"GSE54650","Adr",2,"GSM1321009","timetable",8,8.25,0.25
"GSE54650","Adr",3,"GSM1321004","timetable",22,21.0833333333333,0.916666666666668
"GSE54650","Adr",3,"GSM1321005","timetable",0,23.5833333333333,0.416666666666668
"GSE54650","Adr",3,"GSM1321011","timetable",12,12.9166666666667,0.916666666666666
"GSE54650","Adr",3,"GSM1321012","timetable",14,15.5,1.5
"GSE54650","Adr",4,"GSM1320990","timetable",18,16.9166666666667,1.08333333333334
"GSE54650","Adr",4,"GSM1320997","timetable",8,7.66666666666667,0.333333333333334
"GSE54650","Adr",4,"GSM1320999","timetable",12,10.3333333333333,1.66666666666667
"GSE54650","Adr",4,"GSM1321000","timetable",14,12.9166666666667,1.08333333333333
"GSE54650","Adr",5,"GSM1320994","timetable",2,1.83333333333333,0.166666666666667
"GSE54650","Adr",5,"GSM1320998","timetable",10,10.1666666666667,0.166666666666666
"GSE54650","Adr",5,"GSM1321003","timetable",20,19.6666666666667,0.333333333333336
"GSE54650","Adr",5,"GSM1321007","timetable",4,4.83333333333333,0.833333333333333
"GSE54650","Aor",1,"GSM1321015","timetable",20,20.3333333333333,0.333333333333332
"GSE54650","Aor",1,"GSM1321016","timetable",22,22.8333333333333,0.833333333333332
"GSE54650","Aor",1,"GSM1321026","timetable",18,17.75,0.25
"GSE54650","Aor",1,"GSM1321034","timetable",10,10.5833333333333,0.583333333333332
"GSE54650","Aor",2,"GSM1321017","timetable",0,0.0833333333333333,0.0833333333333333
"GSE54650","Aor",2,"GSM1321019","timetable",4,3.66666666666667,0.333333333333333
"GSE54650","Aor",2,"GSM1321032","timetable",6,6.91666666666667,0.916666666666666
"GSE54650","Aor",2,"GSM1321033","timetable",8,9,1
"GSE54650","Aor",3,"GSM1321028","timetable",22,20.75,1.25
"GSE54650","Aor",3,"GSM1321029","timetable",0,23.6666666666667,0.333333333333336
"GSE54650","Aor",3,"GSM1321035","timetable",12,12.3333333333333,0.333333333333332
"GSE54650","Aor",3,"GSM1321036","timetable",14,15.0833333333333,1.08333333333333
"GSE54650","Aor",4,"GSM1321014","timetable",18,17.5833333333333,0.416666666666668
"GSE54650","Aor",4,"GSM1321021","timetable",8,8,0
"GSE54650","Aor",4,"GSM1321023","timetable",12,11.25,0.75
"GSE54650","Aor",4,"GSM1321024","timetable",14,13.1666666666667,0.833333333333334
"GSE54650","Aor",5,"GSM1321018","timetable",2,2,0
"GSE54650","Aor",5,"GSM1321022","timetable",10,9,1
"GSE54650","Aor",5,"GSM1321027","timetable",20,20.4166666666667,0.416666666666664
"GSE54650","Aor",5,"GSM1321031","timetable",4,4.91666666666667,0.916666666666666
"GSE54650","Bstm",1,"GSM1321039","timetable",20,21.25,1.25
"GSE54650","Bstm",1,"GSM1321040","timetable",22,23.4166666666667,1.41666666666666
"GSE54650","Bstm",1,"GSM1321050","timetable",18,18.4166666666667,0.416666666666664
"GSE54650","Bstm",1,"GSM1321058","timetable",10,9.91666666666667,0.0833333333333339
"GSE54650","Bstm",2,"GSM1321041","timetable",0,22.9166666666667,1.08333333333334
"GSE54650","Bstm",2,"GSM1321043","timetable",4,3.58333333333333,0.416666666666667
"GSE54650","Bstm",2,"GSM1321056","timetable",6,5.75,0.25
"GSE54650","Bstm",2,"GSM1321057","timetable",8,8,0
"GSE54650","Bstm",3,"GSM1321052","timetable",22,21.3333333333333,0.666666666666668
"GSE54650","Bstm",3,"GSM1321053","timetable",0,21.8333333333333,2.16666666666667
"GSE54650","Bstm",3,"GSM1321059","timetable",12,12.25,0.25
"GSE54650","Bstm",3,"GSM1321060","timetable",14,15.0833333333333,1.08333333333333
"GSE54650","Bstm",4,"GSM1321038","timetable",18,18.25,0.25
"GSE54650","Bstm",4,"GSM1321045","timetable",8,6.75,1.25
"GSE54650","Bstm",4,"GSM1321047","timetable",12,10.4166666666667,1.58333333333333
"GSE54650","Bstm",4,"GSM1321048","timetable",14,14.3333333333333,0.333333333333332
"GSE54650","Bstm",5,"GSM1321042","timetable",2,2.41666666666667,0.416666666666667
"GSE54650","Bstm",5,"GSM1321046","timetable",10,9.25,0.75
"GSE54650","Bstm",5,"GSM1321051","timetable",20,20.3333333333333,0.333333333333332
"GSE54650","Bstm",5,"GSM1321055","timetable",4,5.5,1.5
"GSE54650","BFat",1,"GSM1321063","timetable",20,20.0833333333333,0.0833333333333321
"GSE54650","BFat",1,"GSM1321064","timetable",22,22.75,0.75
"GSE54650","BFat",1,"GSM1321074","timetable",18,18.4166666666667,0.416666666666664
"GSE54650","BFat",1,"GSM1321082","timetable",10,10.5833333333333,0.583333333333332
"GSE54650","BFat",2,"GSM1321065","timetable",0,0.333333333333333,0.333333333333333
"GSE54650","BFat",2,"GSM1321067","timetable",4,3.25,0.75
"GSE54650","BFat",2,"GSM1321080","timetable",6,6,0
"GSE54650","BFat",2,"GSM1321081","timetable",8,8.08333333333333,0.0833333333333321
"GSE54650","BFat",3,"GSM1321076","timetable",22,21.3333333333333,0.666666666666668
"GSE54650","BFat",3,"GSM1321077","timetable",0,23.6666666666667,0.333333333333336
"GSE54650","BFat",3,"GSM1321083","timetable",12,11.5,0.5
"GSE54650","BFat",3,"GSM1321084","timetable",14,14.4166666666667,0.416666666666666
"GSE54650","BFat",4,"GSM1321062","timetable",18,18.25,0.25
"GSE54650","BFat",4,"GSM1321069","timetable",8,7.5,0.5
"GSE54650","BFat",4,"GSM1321071","timetable",12,10.8333333333333,1.16666666666667
"GSE54650","BFat",4,"GSM1321072","timetable",14,13.3333333333333,0.666666666666668
"GSE54650","BFat",5,"GSM1321066","timetable",2,2.16666666666667,0.166666666666667
"GSE54650","BFat",5,"GSM1321070","timetable",10,9.58333333333333,0.416666666666668
"GSE54650","BFat",5,"GSM1321075","timetable",20,21.25,1.25
"GSE54650","BFat",5,"GSM1321079","timetable",4,5.08333333333333,1.08333333333333
"GSE54650","Cer",1,"GSM1321087","timetable",20,20.5,0.5
"GSE54650","Cer",1,"GSM1321088","timetable",22,21.75,0.25
"GSE54650","Cer",1,"GSM1321098","timetable",18,18.1666666666667,0.166666666666664
"GSE54650","Cer",1,"GSM1321106","timetable",10,10.3333333333333,0.333333333333332
"GSE54650","Cer",2,"GSM1321089","timetable",0,23.8333333333333,0.166666666666668
"GSE54650","Cer",2,"GSM1321091","timetable",4,3,1
"GSE54650","Cer",2,"GSM1321104","timetable",6,6.08333333333333,0.083333333333333
"GSE54650","Cer",2,"GSM1321105","timetable",8,8.91666666666667,0.916666666666666
"GSE54650","Cer",3,"GSM1321100","timetable",22,21.3333333333333,0.666666666666668
"GSE54650","Cer",3,"GSM1321101","timetable",0,21.5833333333333,2.41666666666667
"GSE54650","Cer",3,"GSM1321107","timetable",12,12.1666666666667,0.166666666666666
"GSE54650","Cer",3,"GSM1321108","timetable",14,16.1666666666667,2.16666666666666
"GSE54650","Cer",4,"GSM1321086","timetable",18,18.25,0.25
"GSE54650","Cer",4,"GSM1321093","timetable",8,7.91666666666667,0.0833333333333339
"GSE54650","Cer",4,"GSM1321095","timetable",12,11.0833333333333,0.916666666666668
"GSE54650","Cer",4,"GSM1321096","timetable",14,15,1
"GSE54650","Cer",5,"GSM1321090","timetable",2,2.41666666666667,0.416666666666667
"GSE54650","Cer",5,"GSM1321094","timetable",10,11,1
"GSE54650","Cer",5,"GSM1321099","timetable",20,19.5833333333333,0.416666666666668
"GSE54650","Cer",5,"GSM1321103","timetable",4,4.83333333333333,0.833333333333333
"GSE54650","Hrt",1,"GSM1321111","timetable",20,20.25,0.25
"GSE54650","Hrt",1,"GSM1321112","timetable",22,21.9166666666667,0.0833333333333357
"GSE54650","Hrt",1,"GSM1321122","timetable",18,17.5833333333333,0.416666666666668
"GSE54650","Hrt",1,"GSM1321130","timetable",10,10.8333333333333,0.833333333333332
"GSE54650","Hrt",2,"GSM1321113","timetable",0,23.75,0.25
"GSE54650","Hrt",2,"GSM1321115","timetable",4,3,1
"GSE54650","Hrt",2,"GSM1321128","timetable",6,6.41666666666667,0.416666666666666
"GSE54650","Hrt",2,"GSM1321129","timetable",8,9.08333333333333,1.08333333333333
"GSE54650","Hrt",3,"GSM1321124","timetable",22,20.6666666666667,1.33333333333334
"GSE54650","Hrt",3,"GSM1321125","timetable",0,22.3333333333333,1.66666666666667
"GSE54650","Hrt",3,"GSM1321131","timetable",12,12.1666666666667,0.166666666666666
"GSE54650","Hrt",3,"GSM1321132","timetable",14,15.4166666666667,1.41666666666667
"GSE54650","Hrt",4,"GSM1321110","timetable",18,17.25,0.75
"GSE54650","Hrt",4,"GSM1321117","timetable",8,7.58333333333333,0.416666666666667
"GSE54650","Hrt",4,"GSM1321119","timetable",12,11,1
"GSE54650","Hrt",4,"GSM1321120","timetable",14,13.75,0.25
"GSE54650","Hrt",5,"GSM1321114","timetable",2,1,1
"GSE54650","Hrt",5,"GSM1321118","timetable",10,10,0
"GSE54650","Hrt",5,"GSM1321123","timetable",20,20.8333333333333,0.833333333333332
"GSE54650","Hrt",5,"GSM1321127","timetable",4,5.25,1.25
"GSE54650","Hyp",1,"GSM1321135","timetable",20,22.9166666666667,2.91666666666666
"GSE54650","Hyp",1,"GSM1321136","timetable",22,21.25,0.75
"GSE54650","Hyp",1,"GSM1321146","timetable",18,16.75,1.25
"GSE54650","Hyp",1,"GSM1321154","timetable",10,10.3333333333333,0.333333333333332
"GSE54650","Hyp",2,"GSM1321137","timetable",0,23.9166666666667,0.0833333333333357
"GSE54650","Hyp",2,"GSM1321139","timetable",4,3.75,0.25
"GSE54650","Hyp",2,"GSM1321152","timetable",6,5.83333333333333,0.166666666666667
"GSE54650","Hyp",2,"GSM1321153","timetable",8,8,0
"GSE54650","Hyp",3,"GSM1321148","timetable",22,23.4166666666667,1.41666666666666
"GSE54650","Hyp",3,"GSM1321149","timetable",0,22.75,1.25
"GSE54650","Hyp",3,"GSM1321155","timetable",12,10.8333333333333,1.16666666666667
"GSE54650","Hyp",3,"GSM1321156","timetable",14,14.5833333333333,0.583333333333332
"GSE54650","Hyp",4,"GSM1321134","timetable",18,20,2
"GSE54650","Hyp",4,"GSM1321141","timetable",8,6.66666666666667,1.33333333333333
"GSE54650","Hyp",4,"GSM1321143","timetable",12,11.5833333333333,0.416666666666668
"GSE54650","Hyp",4,"GSM1321144","timetable",14,15.5833333333333,1.58333333333333
"GSE54650","Hyp",5,"GSM1321138","timetable",2,2.5,0.5
"GSE54650","Hyp",5,"GSM1321142","timetable",10,10.3333333333333,0.333333333333332
"GSE54650","Hyp",5,"GSM1321147","timetable",20,20.5,0.5
"GSE54650","Hyp",5,"GSM1321151","timetable",4,5.33333333333333,1.33333333333333
"GSE54650","Kid",1,"GSM1321159","timetable",20,20.0833333333333,0.0833333333333321
"GSE54650","Kid",1,"GSM1321160","timetable",22,22.5,0.5
"GSE54650","Kid",1,"GSM1321170","timetable",18,17.75,0.25
"GSE54650","Kid",1,"GSM1321178","timetable",10,10.5833333333333,0.583333333333332
"GSE54650","Kid",2,"GSM1321161","timetable",0,0,0
"GSE54650","Kid",2,"GSM1321163","timetable",4,3.41666666666667,0.583333333333333
"GSE54650","Kid",2,"GSM1321176","timetable",6,6.58333333333333,0.583333333333333
"GSE54650","Kid",2,"GSM1321177","timetable",8,8.91666666666667,0.916666666666666
"GSE54650","Kid",3,"GSM1321172","timetable",22,20.6666666666667,1.33333333333334
"GSE54650","Kid",3,"GSM1321173","timetable",0,23,1
"GSE54650","Kid",3,"GSM1321179","timetable",12,11.9166666666667,0.0833333333333339
"GSE54650","Kid",3,"GSM1321180","timetable",14,15.0833333333333,1.08333333333333
"GSE54650","Kid",4,"GSM1321158","timetable",18,17.5833333333333,0.416666666666668
"GSE54650","Kid",4,"GSM1321165","timetable",8,8.25,0.25
"GSE54650","Kid",4,"GSM1321167","timetable",12,10.75,1.25
"GSE54650","Kid",4,"GSM1321168","timetable",14,13.0833333333333,0.916666666666668
"GSE54650","Kid",5,"GSM1321162","timetable",2,2.41666666666667,0.416666666666667
"GSE54650","Kid",5,"GSM1321166","timetable",10,10.0833333333333,0.0833333333333321
"GSE54650","Kid",5,"GSM1321171","timetable",20,20.25,0.25
"GSE54650","Kid",5,"GSM1321175","timetable",4,4.75,0.75
"GSE54650","Liv",1,"GSM1321183","timetable",20,21.5,1.5
"GSE54650","Liv",1,"GSM1321184","timetable",22,23.4166666666667,1.41666666666666
"GSE54650","Liv",1,"GSM1321194","timetable",18,18.5,0.5
"GSE54650","Liv",1,"GSM1321202","timetable",10,10.9166666666667,0.916666666666666
"GSE54650","Liv",2,"GSM1321185","timetable",0,22.8333333333333,1.16666666666667
"GSE54650","Liv",2,"GSM1321187","timetable",4,2.66666666666667,1.33333333333333
"GSE54650","Liv",2,"GSM1321200","timetable",6,6.91666666666667,0.916666666666666
"GSE54650","Liv",2,"GSM1321201","timetable",8,9.16666666666667,1.16666666666667
"GSE54650","Liv",3,"GSM1321196","timetable",22,20.1666666666667,1.83333333333334
"GSE54650","Liv",3,"GSM1321197","timetable",0,20.0833333333333,3.91666666666667
"GSE54650","Liv",3,"GSM1321203","timetable",12,12.25,0.25
"GSE54650","Liv",3,"GSM1321204","timetable",14,15.25,1.25
"GSE54650","Liv",4,"GSM1321182","timetable",18,17.5833333333333,0.416666666666668
"GSE54650","Liv",4,"GSM1321189","timetable",8,8.16666666666667,0.166666666666666
"GSE54650","Liv",4,"GSM1321191","timetable",12,11.1666666666667,0.833333333333334
"GSE54650","Liv",4,"GSM1321192","timetable",14,13.6666666666667,0.333333333333334
"GSE54650","Liv",5,"GSM1321186","timetable",2,2.16666666666667,0.166666666666667
"GSE54650","Liv",5,"GSM1321190","timetable",10,10,0
"GSE54650","Liv",5,"GSM1321195","timetable",20,20.0833333333333,0.0833333333333321
"GSE54650","Liv",5,"GSM1321199","timetable",4,4.83333333333333,0.833333333333333
"GSE54650","Lun",1,"GSM1321207","timetable",20,20.3333333333333,0.333333333333332
"GSE54650","Lun",1,"GSM1321208","timetable",22,22.3333333333333,0.333333333333332
"GSE54650","Lun",1,"GSM1321218","timetable",18,17.5,0.5
"GSE54650","Lun",1,"GSM1321226","timetable",10,10.75,0.75
"GSE54650","Lun",2,"GSM1321209","timetable",0,0.166666666666667,0.166666666666667
"GSE54650","Lun",2,"GSM1321211","timetable",4,3.91666666666667,0.0833333333333335
"GSE54650","Lun",2,"GSM1321224","timetable",6,6.75,0.75
"GSE54650","Lun",2,"GSM1321225","timetable",8,8.91666666666667,0.916666666666666
"GSE54650","Lun",3,"GSM1321220","timetable",22,21.1666666666667,0.833333333333336
"GSE54650","Lun",3,"GSM1321221","timetable",0,22.75,1.25
"GSE54650","Lun",3,"GSM1321227","timetable",12,12,0
"GSE54650","Lun",3,"GSM1321228","timetable",14,15.0833333333333,1.08333333333333
"GSE54650","Lun",4,"GSM1321206","timetable",18,17.0833333333333,0.916666666666668
"GSE54650","Lun",4,"GSM1321213","timetable",8,8.16666666666667,0.166666666666666
"GSE54650","Lun",4,"GSM1321215","timetable",12,10.9166666666667,1.08333333333333
"GSE54650","Lun",4,"GSM1321216","timetable",14,13.4166666666667,0.583333333333334
"GSE54650","Lun",5,"GSM1321210","timetable",2,2.16666666666667,0.166666666666667
"GSE54650","Lun",5,"GSM1321214","timetable",10,10.3333333333333,0.333333333333332
"GSE54650","Lun",5,"GSM1321219","timetable",20,19.6666666666667,0.333333333333336
"GSE54650","Lun",5,"GSM1321223","timetable",4,4.83333333333333,0.833333333333333
"GSE54650","Mus",1,"GSM1321231","timetable",20,19.3333333333333,0.666666666666668
"GSE54650","Mus",1,"GSM1321232","timetable",22,22.3333333333333,0.333333333333332
"GSE54650","Mus",1,"GSM1321242","timetable",18,17.5,0.5
"GSE54650","Mus",1,"GSM1321250","timetable",10,10.6666666666667,0.666666666666666
"GSE54650","Mus",2,"GSM1321233","timetable",0,23.0833333333333,0.916666666666668
"GSE54650","Mus",2,"GSM1321235","timetable",4,3.16666666666667,0.833333333333333
"GSE54650","Mus",2,"GSM1321248","timetable",6,6.41666666666667,0.416666666666666
"GSE54650","Mus",2,"GSM1321249","timetable",8,8.5,0.5
"GSE54650","Mus",3,"GSM1321244","timetable",22,21.25,0.75
"GSE54650","Mus",3,"GSM1321245","timetable",0,23,1
"GSE54650","Mus",3,"GSM1321251","timetable",12,13.0833333333333,1.08333333333333
"GSE54650","Mus",3,"GSM1321252","timetable",14,15.4166666666667,1.41666666666667
"GSE54650","Mus",4,"GSM1321230","timetable",18,17.0833333333333,0.916666666666668
"GSE54650","Mus",4,"GSM1321237","timetable",8,7.75,0.25
"GSE54650","Mus",4,"GSM1321239","timetable",12,11.5,0.5
"GSE54650","Mus",4,"GSM1321240","timetable",14,14,0
"GSE54650","Mus",5,"GSM1321234","timetable",2,2.5,0.5
"GSE54650","Mus",5,"GSM1321238","timetable",10,10,0
"GSE54650","Mus",5,"GSM1321243","timetable",20,19.8333333333333,0.166666666666668
"GSE54650","Mus",5,"GSM1321247","timetable",4,5.5,1.5
"GSE54650","WFat",1,"GSM1321255","timetable",20,20.8333333333333,0.833333333333332
"GSE54650","WFat",1,"GSM1321256","timetable",22,0.583333333333333,2.58333333333333
"GSE54650","WFat",1,"GSM1321266","timetable",18,17.75,0.25
"GSE54650","WFat",1,"GSM1321274","timetable",10,10.5,0.5
"GSE54650","WFat",2,"GSM1321257","timetable",0,23.5833333333333,0.416666666666668
"GSE54650","WFat",2,"GSM1321259","timetable",4,3.16666666666667,0.833333333333333
"GSE54650","WFat",2,"GSM1321272","timetable",6,6.75,0.75
"GSE54650","WFat",2,"GSM1321273","timetable",8,9.33333333333333,1.33333333333333
"GSE54650","WFat",3,"GSM1321268","timetable",22,21.4166666666667,0.583333333333336
"GSE54650","WFat",3,"GSM1321269","timetable",0,22.75,1.25
"GSE54650","WFat",3,"GSM1321275","timetable",12,11.9166666666667,0.0833333333333339
"GSE54650","WFat",3,"GSM1321276","timetable",14,15.4166666666667,1.41666666666667
"GSE54650","WFat",4,"GSM1321254","timetable",18,17.75,0.25
"GSE54650","WFat",4,"GSM1321261","timetable",8,7.58333333333333,0.416666666666667
"GSE54650","WFat",4,"GSM1321263","timetable",12,11.5833333333333,0.416666666666668
"GSE54650","WFat",4,"GSM1321264","timetable",14,13.25,0.75
"GSE54650","WFat",5,"GSM1321258","timetable",2,1.33333333333333,0.666666666666667
"GSE54650","WFat",5,"GSM1321262","timetable",10,9.58333333333333,0.416666666666668
"GSE54650","WFat",5,"GSM1321267","timetable",20,20.5833333333333,0.583333333333332
"GSE54650","WFat",5,"GSM1321271","timetable",4,4.75,0.75
"GSE54650","Adr",1,"GSM1320991","zeitzeiger",20,20.5659263170541,0.565926317054142
"GSE54650","Adr",1,"GSM1320992","zeitzeiger",22,23.2515698054284,1.25156980542835
"GSE54650","Adr",1,"GSM1321002","zeitzeiger",18,18.4173967748639,0.417396774863874
"GSE54650","Adr",1,"GSM1321010","zeitzeiger",10,10.7469302313572,0.746930231357194
"GSE54650","Adr",2,"GSM1320993","zeitzeiger",0,0.212592902923356,0.212592902923356
"GSE54650","Adr",2,"GSM1320995","zeitzeiger",4,3.3098191602767,0.690180839723295
"GSE54650","Adr",2,"GSM1321008","zeitzeiger",6,5.48288061100709,0.517119388992907
"GSE54650","Adr",2,"GSM1321009","zeitzeiger",8,7.56084846367352,0.439151536326482
"GSE54650","Adr",3,"GSM1321004","zeitzeiger",22,20.4769035234623,1.5230964765377
"GSE54650","Adr",3,"GSM1321005","zeitzeiger",0,22.9976048425212,1.00239515747878
"GSE54650","Adr",3,"GSM1321011","zeitzeiger",12,11.7078578819706,0.29214211802941
"GSE54650","Adr",3,"GSM1321012","zeitzeiger",14,15.554774498191,1.554774498191
"GSE54650","Adr",4,"GSM1320990","zeitzeiger",18,17.3286292554912,0.671370744508813
"GSE54650","Adr",4,"GSM1320997","zeitzeiger",8,8.40962683199458,0.409626831994583
"GSE54650","Adr",4,"GSM1320999","zeitzeiger",12,9.79001309039475,2.20998690960525
"GSE54650","Adr",4,"GSM1321000","zeitzeiger",14,12.111525185465,1.88847481453498
"GSE54650","Adr",5,"GSM1320994","zeitzeiger",2,0.520375736995064,1.47962426300494
"GSE54650","Adr",5,"GSM1320998","zeitzeiger",10,11.2265370385148,1.22653703851482
"GSE54650","Adr",5,"GSM1321003","zeitzeiger",20,21.1123139011858,1.11231390118583
"GSE54650","Adr",5,"GSM1321007","zeitzeiger",4,5.10510657290264,1.10510657290264
"GSE54650","Aor",1,"GSM1321015","zeitzeiger",20,21.1116315058278,1.1116315058278
"GSE54650","Aor",1,"GSM1321016","zeitzeiger",22,23.0129798710352,1.01297987103517
"GSE54650","Aor",1,"GSM1321026","zeitzeiger",18,18.2267298309782,0.226729830978208
"GSE54650","Aor",1,"GSM1321034","zeitzeiger",10,10.1213429785959,0.121342978595896
"GSE54650","Aor",2,"GSM1321017","zeitzeiger",0,0.2772504596567,0.2772504596567
"GSE54650","Aor",2,"GSM1321019","zeitzeiger",4,3.04076052688243,0.959239473117568
"GSE54650","Aor",2,"GSM1321032","zeitzeiger",6,5.38944620394247,0.610553796057525
"GSE54650","Aor",2,"GSM1321033","zeitzeiger",8,8.70237887649246,0.702378876492457
"GSE54650","Aor",3,"GSM1321028","zeitzeiger",22,20.2280785385258,1.77192146147424
"GSE54650","Aor",3,"GSM1321029","zeitzeiger",0,23.6622411653383,0.337758834661656
"GSE54650","Aor",3,"GSM1321035","zeitzeiger",12,11.0817989388807,0.918201061119294
"GSE54650","Aor",3,"GSM1321036","zeitzeiger",14,14.1497839704019,0.149783970401934
"GSE54650","Aor",4,"GSM1321014","zeitzeiger",18,18.0118888493544,0.011888849354353
"GSE54650","Aor",4,"GSM1321021","zeitzeiger",8,8.40073212669698,0.40073212669698
"GSE54650","Aor",4,"GSM1321023","zeitzeiger",12,10.5954773544327,1.40452264556732
"GSE54650","Aor",4,"GSM1321024","zeitzeiger",14,12.5344064882516,1.46559351174841
"GSE54650","Aor",5,"GSM1321018","zeitzeiger",2,2.53217562374573,0.532175623745732
"GSE54650","Aor",5,"GSM1321022","zeitzeiger",10,10.8743638323871,0.874363832387125
"GSE54650","Aor",5,"GSM1321027","zeitzeiger",20,20.9514571329019,0.951457132901854
"GSE54650","Aor",5,"GSM1321031","zeitzeiger",4,4.76628531903419,0.766285319034195
"GSE54650","Bstm",1,"GSM1321039","zeitzeiger",20,21.2920124322645,1.2920124322645
"GSE54650","Bstm",1,"GSM1321040","zeitzeiger",22,22.6214613762817,0.621461376281687
"GSE54650","Bstm",1,"GSM1321050","zeitzeiger",18,16.9628375248792,1.03716247512084
"GSE54650","Bstm",1,"GSM1321058","zeitzeiger",10,9.72468083457857,0.275319165421431
"GSE54650","Bstm",2,"GSM1321041","zeitzeiger",0,21.5365593897105,2.46344061028945
"GSE54650","Bstm",2,"GSM1321043","zeitzeiger",4,5.90861796051759,1.90861796051759
"GSE54650","Bstm",2,"GSM1321056","zeitzeiger",6,7.47998484952862,1.47998484952862
"GSE54650","Bstm",2,"GSM1321057","zeitzeiger",8,8.99809745516265,0.998097455162652
"GSE54650","Bstm",3,"GSM1321052","zeitzeiger",22,23.1229552728753,1.12295527287527
"GSE54650","Bstm",3,"GSM1321053","zeitzeiger",0,1.1739642190436,1.1739642190436
"GSE54650","Bstm",3,"GSM1321059","zeitzeiger",12,10.7642027656701,1.2357972343299
"GSE54650","Bstm",3,"GSM1321060","zeitzeiger",14,15.4715989705168,1.47159897051678
"GSE54650","Bstm",4,"GSM1321038","zeitzeiger",18,16.7697255250301,1.2302744749699
"GSE54650","Bstm",4,"GSM1321045","zeitzeiger",8,7.01060908440846,0.989390915591535
"GSE54650","Bstm",4,"GSM1321047","zeitzeiger",12,9.64608344302365,2.35391655697635
"GSE54650","Bstm",4,"GSM1321048","zeitzeiger",14,13.6517800358244,0.348219964175613
"GSE54650","Bstm",5,"GSM1321042","zeitzeiger",2,1.08162452005941,0.918375479940589
"GSE54650","Bstm",5,"GSM1321046","zeitzeiger",10,10.9092032736786,0.909203273678617
"GSE54650","Bstm",5,"GSM1321051","zeitzeiger",20,19.9414295898821,0.0585704101179054
"GSE54650","Bstm",5,"GSM1321055","zeitzeiger",4,5.04129541756063,1.04129541756063
"GSE54650","BFat",1,"GSM1321063","zeitzeiger",20,18.9532853161683,1.04671468383168
"GSE54650","BFat",1,"GSM1321064","zeitzeiger",22,23.0888309155225,1.08883091552254
"GSE54650","BFat",1,"GSM1321074","zeitzeiger",18,17.9433818353257,0.0566181646742834
"GSE54650","BFat",1,"GSM1321082","zeitzeiger",10,12.2069697728227,2.20696977282271
"GSE54650","BFat",2,"GSM1321065","zeitzeiger",0,0,0
"GSE54650","BFat",2,"GSM1321067","zeitzeiger",4,3.76926206558897,0.230737934411031
"GSE54650","BFat",2,"GSM1321080","zeitzeiger",6,7.14779319207408,1.14779319207408
"GSE54650","BFat",2,"GSM1321081","zeitzeiger",8,9.34333483652724,1.34333483652724
"GSE54650","BFat",3,"GSM1321076","zeitzeiger",22,20.476400008475,1.52359999152503
"GSE54650","BFat",3,"GSM1321077","zeitzeiger",0,0.069844863023329,0.069844863023329
"GSE54650","BFat",3,"GSM1321083","zeitzeiger",12,10.6183565154199,1.38164348458015
"GSE54650","BFat",3,"GSM1321084","zeitzeiger",14,14.3319356441484,0.331935644148375
"GSE54650","BFat",4,"GSM1321062","zeitzeiger",18,18.4351932533671,0.435193253367068
"GSE54650","BFat",4,"GSM1321069","zeitzeiger",8,7.58212263684077,0.417877363159235
"GSE54650","BFat",4,"GSM1321071","zeitzeiger",12,10.6719346598372,1.32806534016276
"GSE54650","BFat",4,"GSM1321072","zeitzeiger",14,12.4466213034743,1.55337869652567
"GSE54650","BFat",5,"GSM1321066","zeitzeiger",2,2.17432397159782,0.174323971597823
"GSE54650","BFat",5,"GSM1321070","zeitzeiger",10,10.6380361814196,0.638036181419555
"GSE54650","BFat",5,"GSM1321075","zeitzeiger",20,20.2939212377915,0.293921237791537
"GSE54650","BFat",5,"GSM1321079","zeitzeiger",4,5.68794600738004,1.68794600738004
"GSE54650","Cer",1,"GSM1321087","zeitzeiger",20,21.0496932637138,1.0496932637138
"GSE54650","Cer",1,"GSM1321088","zeitzeiger",22,23.0840842062268,1.08408420622681
"GSE54650","Cer",1,"GSM1321098","zeitzeiger",18,18.2094875954531,0.209487595453119
"GSE54650","Cer",1,"GSM1321106","zeitzeiger",10,9.60937353433975,0.390626465660249
"GSE54650","Cer",2,"GSM1321089","zeitzeiger",0,0.285169844503363,0.285169844503363
"GSE54650","Cer",2,"GSM1321091","zeitzeiger",4,3.97289947358402,0.0271005264159787
"GSE54650","Cer",2,"GSM1321104","zeitzeiger",6,10.0637388110313,4.0637388110313
"GSE54650","Cer",2,"GSM1321105","zeitzeiger",8,10.0956337071505,2.09563370715051
"GSE54650","Cer",3,"GSM1321100","zeitzeiger",22,21.9062381386968,0.0937618613032036
"GSE54650","Cer",3,"GSM1321101","zeitzeiger",0,22.2966345852726,1.70336541472737
"GSE54650","Cer",3,"GSM1321107","zeitzeiger",12,12.1212296085821,0.121229608582125
"GSE54650","Cer",3,"GSM1321108","zeitzeiger",14,16.5939765738347,2.5939765738347
"GSE54650","Cer",4,"GSM1321086","zeitzeiger",18,16.9308610261031,1.06913897389691
"GSE54650","Cer",4,"GSM1321093","zeitzeiger",8,6.89297968637094,1.10702031362906
"GSE54650","Cer",4,"GSM1321095","zeitzeiger",12,11.3095014239144,0.690498576085579
"GSE54650","Cer",4,"GSM1321096","zeitzeiger",14,14.3356860774997,0.335686077499732
"GSE54650","Cer",5,"GSM1321090","zeitzeiger",2,1.91827180401972,0.0817281959802814
"GSE54650","Cer",5,"GSM1321094","zeitzeiger",10,9.42944288040398,0.570557119596018
"GSE54650","Cer",5,"GSM1321099","zeitzeiger",20,19.8609515730068,0.139048426993167
"GSE54650","Cer",5,"GSM1321103","zeitzeiger",4,4.90084347261812,0.900843472618115
"GSE54650","Hrt",1,"GSM1321111","zeitzeiger",20,21.5866983604639,1.58669836046391
"GSE54650","Hrt",1,"GSM1321112","zeitzeiger",22,23.8754571807188,1.87545718071882
"GSE54650","Hrt",1,"GSM1321122","zeitzeiger",18,16.9031978996528,1.09680210034721
"GSE54650","Hrt",1,"GSM1321130","zeitzeiger",10,9.78725693023128,0.212743069768717
"GSE54650","Hrt",2,"GSM1321113","zeitzeiger",0,1.45493960982226,1.45493960982226
"GSE54650","Hrt",2,"GSM1321115","zeitzeiger",4,1.51910553394277,2.48089446605723
"GSE54650","Hrt",2,"GSM1321128","zeitzeiger",6,5.47707535167811,0.522924648321886
"GSE54650","Hrt",2,"GSM1321129","zeitzeiger",8,8.74491706173475,0.744917061734746
"GSE54650","Hrt",3,"GSM1321124","zeitzeiger",22,21.4082446827523,0.591755317247706
"GSE54650","Hrt",3,"GSM1321125","zeitzeiger",0,22.1104966318555,1.88950336814451
"GSE54650","Hrt",3,"GSM1321131","zeitzeiger",12,12.1944016534796,0.194401653479593
"GSE54650","Hrt",3,"GSM1321132","zeitzeiger",14,15.1211145009807,1.12111450098066
"GSE54650","Hrt",4,"GSM1321110","zeitzeiger",18,16.6701148035424,1.3298851964576
"GSE54650","Hrt",4,"GSM1321117","zeitzeiger",8,6.99337789587863,1.00662210412137
"GSE54650","Hrt",4,"GSM1321119","zeitzeiger",12,11.2817237253116,0.718276274688412
"GSE54650","Hrt",4,"GSM1321120","zeitzeiger",14,12.6362637919895,1.36373620801054
"GSE54650","Hrt",5,"GSM1321114","zeitzeiger",2,2.57843141895814,0.578431418958144
"GSE54650","Hrt",5,"GSM1321118","zeitzeiger",10,9.95313593799339,0.046864062006609
"GSE54650","Hrt",5,"GSM1321123","zeitzeiger",20,21.3612788396984,1.36127883969844
"GSE54650","Hrt",5,"GSM1321127","zeitzeiger",4,4.82716626588837,0.827166265888371
"GSE54650","Hyp",1,"GSM1321135","zeitzeiger",20,21.0841142838793,1.08411428387934
"GSE54650","Hyp",1,"GSM1321136","zeitzeiger",22,22.0166315518246,0.0166315518245987
"GSE54650","Hyp",1,"GSM1321146","zeitzeiger",18,13.3696153910701,4.63038460892986
"GSE54650","Hyp",1,"GSM1321154","zeitzeiger",10,10.042024429417,0.0420244294169567
"GSE54650","Hyp",2,"GSM1321137","zeitzeiger",0,23.827019733874,0.172980266125961
"GSE54650","Hyp",2,"GSM1321139","zeitzeiger",4,3.76947242630973,0.230527573690267
"GSE54650","Hyp",2,"GSM1321152","zeitzeiger",6,6.87448153243383,0.87448153243383
"GSE54650","Hyp",2,"GSM1321153","zeitzeiger",8,9.3881985378569,1.3881985378569
"GSE54650","Hyp",3,"GSM1321148","zeitzeiger",22,21.7936930110057,0.206306988994257
"GSE54650","Hyp",3,"GSM1321149","zeitzeiger",0,23.4078502408489,0.592149759151106
"GSE54650","Hyp",3,"GSM1321155","zeitzeiger",12,11.4238416146602,0.576158385339809
"GSE54650","Hyp",3,"GSM1321156","zeitzeiger",14,15.6546293731952,1.65462937319519
"GSE54650","Hyp",4,"GSM1321134","zeitzeiger",18,19.4453679705735,1.44536797057352
"GSE54650","Hyp",4,"GSM1321141","zeitzeiger",8,4.95767487326143,3.04232512673857
"GSE54650","Hyp",4,"GSM1321143","zeitzeiger",12,12.8902077967057,0.890207796705724
"GSE54650","Hyp",4,"GSM1321144","zeitzeiger",14,15.1116582467165,1.11165824671654
"GSE54650","Hyp",5,"GSM1321138","zeitzeiger",2,1.64883083819161,0.351169161808389
"GSE54650","Hyp",5,"GSM1321142","zeitzeiger",10,9.0097552673714,0.9902447326286
"GSE54650","Hyp",5,"GSM1321147","zeitzeiger",20,20.0392011656647,0.039201165664668
"GSE54650","Hyp",5,"GSM1321151","zeitzeiger",4,5.64228497813543,1.64228497813543
"GSE54650","Kid",1,"GSM1321159","zeitzeiger",20,21.0033859966567,1.00338599665669
"GSE54650","Kid",1,"GSM1321160","zeitzeiger",22,23.1458599906089,1.1458599906089
"GSE54650","Kid",1,"GSM1321170","zeitzeiger",18,17.7480486818704,0.251951318129578
"GSE54650","Kid",1,"GSM1321178","zeitzeiger",10,11.140910512743,1.14091051274299
"GSE54650","Kid",2,"GSM1321161","zeitzeiger",0,23.658554986836,0.341445013163955
"GSE54650","Kid",2,"GSM1321163","zeitzeiger",4,2.83534083724301,1.16465916275699
"GSE54650","Kid",2,"GSM1321176","zeitzeiger",6,6.38907333853519,0.389073338535187
"GSE54650","Kid",2,"GSM1321177","zeitzeiger",8,9.47863139947373,1.47863139947373
"GSE54650","Kid",3,"GSM1321172","zeitzeiger",22,20.9795447238558,1.02045527614418
"GSE54650","Kid",3,"GSM1321173","zeitzeiger",0,23.6317287323681,0.368271267631918
"GSE54650","Kid",3,"GSM1321179","zeitzeiger",12,12.2428502305135,0.242850230513465
"GSE54650","Kid",3,"GSM1321180","zeitzeiger",14,15.2682201414197,1.26822014141972
"GSE54650","Kid",4,"GSM1321158","zeitzeiger",18,17.4774631495516,0.522536850448361
"GSE54650","Kid",4,"GSM1321165","zeitzeiger",8,7.52513485333569,0.474865146664306
"GSE54650","Kid",4,"GSM1321167","zeitzeiger",12,10.4091834076279,1.59081659237211
"GSE54650","Kid",4,"GSM1321168","zeitzeiger",14,12.4024252245032,1.59757477549677
"GSE54650","Kid",5,"GSM1321162","zeitzeiger",2,2.81198385801944,0.811983858019442
"GSE54650","Kid",5,"GSM1321166","zeitzeiger",10,10.0760006677209,0.0760006677209066
"GSE54650","Kid",5,"GSM1321171","zeitzeiger",20,19.4649740946722,0.535025905327757
"GSE54650","Kid",5,"GSM1321175","zeitzeiger",4,5.35159558912235,1.35159558912235
"GSE54650","Liv",1,"GSM1321183","zeitzeiger",20,1.62336793230578,5.62336793230578
"GSE54650","Liv",1,"GSM1321184","zeitzeiger",22,22.6893830763261,0.689383076326131
"GSE54650","Liv",1,"GSM1321194","zeitzeiger",18,17.6755032659494,0.324496734050623
"GSE54650","Liv",1,"GSM1321202","zeitzeiger",10,11.3952012924046,1.39520129240461
"GSE54650","Liv",2,"GSM1321185","zeitzeiger",0,19.8015560868224,4.19844391317756
"GSE54650","Liv",2,"GSM1321187","zeitzeiger",4,4.89013019383908,0.890130193839081
"GSE54650","Liv",2,"GSM1321200","zeitzeiger",6,7.29803268568645,1.29803268568645
"GSE54650","Liv",2,"GSM1321201","zeitzeiger",8,7.01683617887955,0.983163821120455
"GSE54650","Liv",3,"GSM1321196","zeitzeiger",22,21.232054950103,0.767945049897033
"GSE54650","Liv",3,"GSM1321197","zeitzeiger",0,21.3768751121113,2.62312488788871
"GSE54650","Liv",3,"GSM1321203","zeitzeiger",12,11.8160060192956,0.183993980704424
"GSE54650","Liv",3,"GSM1321204","zeitzeiger",14,14.9032231678828,0.903223167882832
"GSE54650","Liv",4,"GSM1321182","zeitzeiger",18,18.0733885524633,0.0733885524632854
"GSE54650","Liv",4,"GSM1321189","zeitzeiger",8,8.84450157884434,0.844501578844344
"GSE54650","Liv",4,"GSM1321191","zeitzeiger",12,10.3234491906517,1.67655080934833
"GSE54650","Liv",4,"GSM1321192","zeitzeiger",14,13.0803149416112,0.919685058388838
"GSE54650","Liv",5,"GSM1321186","zeitzeiger",2,3.11650058225085,1.11650058225085
"GSE54650","Liv",5,"GSM1321190","zeitzeiger",10,11.637760494962,1.63776049496203
"GSE54650","Liv",5,"GSM1321195","zeitzeiger",20,20.4563605295494,0.45636052954935
"GSE54650","Liv",5,"GSM1321199","zeitzeiger",4,4.60896071525907,0.608960715259065
"GSE54650","Lun",1,"GSM1321207","zeitzeiger",20,20.1562607766211,0.156260776621131
"GSE54650","Lun",1,"GSM1321208","zeitzeiger",22,21.8515538088177,0.148446191182344
"GSE54650","Lun",1,"GSM1321218","zeitzeiger",18,18.4236618815114,0.423661881511435
"GSE54650","Lun",1,"GSM1321226","zeitzeiger",10,9.64021530809282,0.359784691907183
"GSE54650","Lun",2,"GSM1321209","zeitzeiger",0,0.130584316879373,0.130584316879373
"GSE54650","Lun",2,"GSM1321211","zeitzeiger",4,2.36619435909454,1.63380564090546
"GSE54650","Lun",2,"GSM1321224","zeitzeiger",6,7.42888400509937,1.42888400509937
"GSE54650","Lun",2,"GSM1321225","zeitzeiger",8,8.16732721784874,0.167327217848742
"GSE54650","Lun",3,"GSM1321220","zeitzeiger",22,21.9682022665368,0.0317977334631578
"GSE54650","Lun",3,"GSM1321221","zeitzeiger",0,0.387980404136784,0.387980404136784
"GSE54650","Lun",3,"GSM1321227","zeitzeiger",12,11.714586552452,0.285413447548002
"GSE54650","Lun",3,"GSM1321228","zeitzeiger",14,14.4234859778279,0.423485977827877
"GSE54650","Lun",4,"GSM1321206","zeitzeiger",18,17.3911119311282,0.608888068871845
"GSE54650","Lun",4,"GSM1321213","zeitzeiger",8,7.16989413105084,0.830105868949161
"GSE54650","Lun",4,"GSM1321215","zeitzeiger",12,12.0593998704885,0.0593998704885301
"GSE54650","Lun",4,"GSM1321216","zeitzeiger",14,13.7711204849186,0.228879515081402
"GSE54650","Lun",5,"GSM1321210","zeitzeiger",2,2.68850096262652,0.688500962626516
"GSE54650","Lun",5,"GSM1321214","zeitzeiger",10,10.4447032712537,0.44470327125369
"GSE54650","Lun",5,"GSM1321219","zeitzeiger",20,19.9425454621625,0.0574545378374722
"GSE54650","Lun",5,"GSM1321223","zeitzeiger",4,4.88940421598138,0.889404215981383
"GSE54650","Mus",1,"GSM1321231","zeitzeiger",20,20.6738426867091,0.673842686709083
"GSE54650","Mus",1,"GSM1321232","zeitzeiger",22,0.572375491324109,2.57237549132411
"GSE54650","Mus",1,"GSM1321242","zeitzeiger",18,18.3739086118541,0.373908611854119
"GSE54650","Mus",1,"GSM1321250","zeitzeiger",10,12.556604288992,2.55660428899199
"GSE54650","Mus",2,"GSM1321233","zeitzeiger",0,18.9701547239672,5.02984527603284
"GSE54650","Mus",2,"GSM1321235","zeitzeiger",4,3.49668223353327,0.503317766466735
"GSE54650","Mus",2,"GSM1321248","zeitzeiger",6,5.72868990404599,0.271310095954011
"GSE54650","Mus",2,"GSM1321249","zeitzeiger",8,8.4664832511192,0.466483251119202
"GSE54650","Mus",3,"GSM1321244","zeitzeiger",22,23.0544487651624,1.05444876516244
"GSE54650","Mus",3,"GSM1321245","zeitzeiger",0,22.7157030243538,1.28429697564622
"GSE54650","Mus",3,"GSM1321251","zeitzeiger",12,13.0062383714588,1.00623837145882
"GSE54650","Mus",3,"GSM1321252","zeitzeiger",14,16.0972297567678,2.0972297567678
"GSE54650","Mus",4,"GSM1321230","zeitzeiger",18,17.7993592274979,0.200640772502052
"GSE54650","Mus",4,"GSM1321237","zeitzeiger",8,6.54544200736379,1.45455799263621
"GSE54650","Mus",4,"GSM1321239","zeitzeiger",12,12.6447192219243,0.644719221924346
"GSE54650","Mus",4,"GSM1321240","zeitzeiger",14,14.2633669060868,0.263366906086819
"GSE54650","Mus",5,"GSM1321234","zeitzeiger",2,2.40017455821648,0.400174558216478
"GSE54650","Mus",5,"GSM1321238","zeitzeiger",10,8.48404113767509,1.51595886232491
"GSE54650","Mus",5,"GSM1321243","zeitzeiger",20,19.6177706383951,0.382229361604903
"GSE54650","Mus",5,"GSM1321247","zeitzeiger",4,6.7257385895161,2.7257385895161
"GSE54650","WFat",1,"GSM1321255","zeitzeiger",20,20.4803243683483,0.480324368348334
"GSE54650","WFat",1,"GSM1321256","zeitzeiger",22,21.0244403641195,0.975559635880458
"GSE54650","WFat",1,"GSM1321266","zeitzeiger",18,18.000155089263,0.000155089262957375
"GSE54650","WFat",1,"GSM1321274","zeitzeiger",10,12.9594508636081,2.95945086360805
"GSE54650","WFat",2,"GSM1321257","zeitzeiger",0,22.7215239670056,1.27847603299438
"GSE54650","WFat",2,"GSM1321259","zeitzeiger",4,3.88718571409171,0.112814285908289
"GSE54650","WFat",2,"GSM1321272","zeitzeiger",6,6.51491434068646,0.514914340686457
"GSE54650","WFat",2,"GSM1321273","zeitzeiger",8,9.13645708064171,1.13645708064171
"GSE54650","WFat",3,"GSM1321268","zeitzeiger",22,21.8382268463544,0.161773153645633
"GSE54650","WFat",3,"GSM1321269","zeitzeiger",0,23.5953704810609,0.404629518939071
"GSE54650","WFat",3,"GSM1321275","zeitzeiger",12,11.3064478344565,0.693552165543519
"GSE54650","WFat",3,"GSM1321276","zeitzeiger",14,15.7470731704853,1.7470731704853
"GSE54650","WFat",4,"GSM1321254","zeitzeiger",18,18.0201824679362,0.0201824679362161
"GSE54650","WFat",4,"GSM1321261","zeitzeiger",8,7.68580661724223,0.314193382757768
"GSE54650","WFat",4,"GSM1321263","zeitzeiger",12,10.7903496675126,1.20965033248744
"GSE54650","WFat",4,"GSM1321264","zeitzeiger",14,12.5728269496264,1.42717305037359
"GSE54650","WFat",5,"GSM1321258","zeitzeiger",2,22.9329026111717,3.06709738882834
"GSE54650","WFat",5,"GSM1321262","zeitzeiger",10,8.63154931324238,1.36845068675762
"GSE54650","WFat",5,"GSM1321267","zeitzeiger",20,19.0168771118202,0.983122888179782
"GSE54650","WFat",5,"GSM1321271","zeitzeiger",4,5.08961808372589,1.08961808372589
"GSE54650","Adr",1,"GSM1320991","timesignatr",20,20.7136243440571,0.71362434405707
"GSE54650","Adr",1,"GSM1320992","timesignatr",22,22.2212669629317,0.22126696293169
"GSE54650","Adr",1,"GSM1321002","timesignatr",18,18.5328395971742,0.532839597174171
"GSE54650","Adr",1,"GSM1321010","timesignatr",10,11.4119347103138,1.41193471031382
"GSE54650","Adr",2,"GSM1320993","timesignatr",0,22.8364383928981,1.16356160710187
"GSE54650","Adr",2,"GSM1320995","timesignatr",4,3.00093305537782,0.999066944622184
"GSE54650","Adr",2,"GSM1321008","timesignatr",6,5.47917685993453,0.52082314006547
"GSE54650","Adr",2,"GSM1321009","timesignatr",8,7.91891457712698,0.0810854228730218
"GSE54650","Adr",3,"GSM1321004","timesignatr",22,20.7777947428103,1.22220525718971
"GSE54650","Adr",3,"GSM1321005","timesignatr",0,21.9156843031985,2.08431569680146
"GSE54650","Adr",3,"GSM1321011","timesignatr",12,14.5980190768325,2.59801907683255
"GSE54650","Adr",3,"GSM1321012","timesignatr",14,15.2462292816979,1.24622928169793
"GSE54650","Adr",4,"GSM1320990","timesignatr",18,17.1853969771048,0.814603022895156
"GSE54650","Adr",4,"GSM1320997","timesignatr",8,7.4507946573851,0.549205342614897
"GSE54650","Adr",4,"GSM1320999","timesignatr",12,10.6431616159229,1.35683838407705
"GSE54650","Adr",4,"GSM1321000","timesignatr",14,12.8378579133053,1.16214208669467
"GSE54650","Adr",5,"GSM1320994","timesignatr",2,1.66068941375841,0.339310586241588
"GSE54650","Adr",5,"GSM1320998","timesignatr",10,10.2378239682485,0.237823968248531
"GSE54650","Adr",5,"GSM1321003","timesignatr",20,20.0697948546719,0.0697948546718621
"GSE54650","Adr",5,"GSM1321007","timesignatr",4,5.16872723545114,1.16872723545114
"GSE54650","Aor",1,"GSM1321015","timesignatr",20,20.3955949982007,0.395594998200728
"GSE54650","Aor",1,"GSM1321016","timesignatr",22,22.4977889112619,0.497788911261885
"GSE54650","Aor",1,"GSM1321026","timesignatr",18,17.3152636780011,0.684736321998944
"GSE54650","Aor",1,"GSM1321034","timesignatr",10,10.8834288789154,0.883428878915447
"GSE54650","Aor",2,"GSM1321017","timesignatr",0,23.5761950411849,0.423804958815133
"GSE54650","Aor",2,"GSM1321019","timesignatr",4,3.27493931069392,0.725060689306077
"GSE54650","Aor",2,"GSM1321032","timesignatr",6,6.20272734876434,0.20272734876434
"GSE54650","Aor",2,"GSM1321033","timesignatr",8,9.12416598682014,1.12416598682014
"GSE54650","Aor",3,"GSM1321028","timesignatr",22,22.584891608277,0.584891608277022
"GSE54650","Aor",3,"GSM1321029","timesignatr",0,22.8973862772302,1.10261372276981
"GSE54650","Aor",3,"GSM1321035","timesignatr",12,12.2614884630975,0.261488463097514
"GSE54650","Aor",3,"GSM1321036","timesignatr",14,14.8562363753864,0.856236375386379
"GSE54650","Aor",4,"GSM1321014","timesignatr",18,17.7196313129002,0.280368687099795
"GSE54650","Aor",4,"GSM1321021","timesignatr",8,8.21297765977632,0.212977659776318
"GSE54650","Aor",4,"GSM1321023","timesignatr",12,11.0939252214109,0.906074778589081
"GSE54650","Aor",4,"GSM1321024","timesignatr",14,13.3067216194066,0.69327838059341
"GSE54650","Aor",5,"GSM1321018","timesignatr",2,21.7088788107641,4.29112118923594
"GSE54650","Aor",5,"GSM1321022","timesignatr",10,8.63361304552356,1.36638695447644
"GSE54650","Aor",5,"GSM1321027","timesignatr",20,19.891343894963,0.108656105036964
"GSE54650","Aor",5,"GSM1321031","timesignatr",4,5.31469494091092,1.31469494091092
"GSE54650","Bstm",1,"GSM1321039","timesignatr",20,20.450932204417,0.450932204417011
"GSE54650","Bstm",1,"GSM1321040","timesignatr",22,22.5343462682025,0.534346268202537
"GSE54650","Bstm",1,"GSM1321050","timesignatr",18,18.7904965888905,0.790496588890509
"GSE54650","Bstm",1,"GSM1321058","timesignatr",10,10.8790005678741,0.879000567874145
"GSE54650","Bstm",2,"GSM1321041","timesignatr",0,23.506594311729,0.493405688270968
"GSE54650","Bstm",2,"GSM1321043","timesignatr",4,2.44090262737451,1.55909737262549
"GSE54650","Bstm",2,"GSM1321056","timesignatr",6,6.07734632388621,0.0773463238862115
"GSE54650","Bstm",2,"GSM1321057","timesignatr",8,9.58042120997918,1.58042120997918
"GSE54650","Bstm",3,"GSM1321052","timesignatr",22,21.452515867399,0.547484132601003
"GSE54650","Bstm",3,"GSM1321053","timesignatr",0,22.0971566557688,1.90284334423117
"GSE54650","Bstm",3,"GSM1321059","timesignatr",12,12.6245579259904,0.624557925990386
"GSE54650","Bstm",3,"GSM1321060","timesignatr",14,14.9424007407208,0.942400740720753
"GSE54650","Bstm",4,"GSM1321038","timesignatr",18,16.8336545375479,1.16634546245215
"GSE54650","Bstm",4,"GSM1321045","timesignatr",8,6.74412510322955,1.25587489677045
"GSE54650","Bstm",4,"GSM1321047","timesignatr",12,10.1758382887864,1.82416171121365
"GSE54650","Bstm",4,"GSM1321048","timesignatr",14,13.8482804498905,0.151719550109501
"GSE54650","Bstm",5,"GSM1321042","timesignatr",2,2.16073924670804,0.160739246708037
"GSE54650","Bstm",5,"GSM1321046","timesignatr",10,10.1542942797369,0.154294279736943
"GSE54650","Bstm",5,"GSM1321051","timesignatr",20,21.3222987410924,1.32229874109236
"GSE54650","Bstm",5,"GSM1321055","timesignatr",4,5.98012132092525,1.98012132092525
"GSE54650","BFat",1,"GSM1321063","timesignatr",20,20.897916866384,0.897916866384033
"GSE54650","BFat",1,"GSM1321064","timesignatr",22,23.3001475693913,1.30014756939134
"GSE54650","BFat",1,"GSM1321074","timesignatr",18,18.3468068697066,0.346806869706597
"GSE54650","BFat",1,"GSM1321082","timesignatr",10,10.7002803818537,0.700280381853691
"GSE54650","BFat",2,"GSM1321065","timesignatr",0,23.7355918502091,0.264408149790945
"GSE54650","BFat",2,"GSM1321067","timesignatr",4,3.13691434382168,0.863085656178317
"GSE54650","BFat",2,"GSM1321080","timesignatr",6,5.44023855485797,0.559761445142025
"GSE54650","BFat",2,"GSM1321081","timesignatr",8,8.57385415162066,0.57385415162066
"GSE54650","BFat",3,"GSM1321076","timesignatr",22,21.2872166121752,0.712783387824786
"GSE54650","BFat",3,"GSM1321077","timesignatr",0,23.9720818196121,0.0279181803879247
"GSE54650","BFat",3,"GSM1321083","timesignatr",12,11.6046667379046,0.395333262095395
"GSE54650","BFat",3,"GSM1321084","timesignatr",14,13.8466672936077,0.153332706392288
"GSE54650","BFat",4,"GSM1321062","timesignatr",18,17.8634013007951,0.136598699204857
"GSE54650","BFat",4,"GSM1321069","timesignatr",8,7.96286667276478,0.0371333272352157
"GSE54650","BFat",4,"GSM1321071","timesignatr",12,11.3034561486674,0.69654385133264
"GSE54650","BFat",4,"GSM1321072","timesignatr",14,14.0221850274076,0.0221850274075681
"GSE54650","BFat",5,"GSM1321066","timesignatr",2,1.37700274247701,0.622997257522991
"GSE54650","BFat",5,"GSM1321070","timesignatr",10,9.46020888028726,0.539791119712744
"GSE54650","BFat",5,"GSM1321075","timesignatr",20,20.897791221789,0.897791221788953
"GSE54650","BFat",5,"GSM1321079","timesignatr",4,5.37104370035314,1.37104370035314
"GSE54650","Cer",1,"GSM1321087","timesignatr",20,21.1892177317066,1.18921773170657
"GSE54650","Cer",1,"GSM1321088","timesignatr",22,23.5039273383575,1.5039273383575
"GSE54650","Cer",1,"GSM1321098","timesignatr",18,18.3667873248036,0.366787324803603
"GSE54650","Cer",1,"GSM1321106","timesignatr",10,10.5373739519111,0.53737395191113
"GSE54650","Cer",2,"GSM1321089","timesignatr",0,23.7887831057137,0.211216894286309
"GSE54650","Cer",2,"GSM1321091","timesignatr",4,3.74630088349975,0.253699116500252
"GSE54650","Cer",2,"GSM1321104","timesignatr",6,5.68269659321642,0.317303406783584
"GSE54650","Cer",2,"GSM1321105","timesignatr",8,8.89451780263394,0.894517802633942
"GSE54650","Cer",3,"GSM1321100","timesignatr",22,21.4461392486615,0.553860751338537
"GSE54650","Cer",3,"GSM1321101","timesignatr",0,23.6452250081191,0.354774991880912
"GSE54650","Cer",3,"GSM1321107","timesignatr",12,11.9963299868265,0.00367001317353655
"GSE54650","Cer",3,"GSM1321108","timesignatr",14,16.2993014686385,2.29930146863854
"GSE54650","Cer",4,"GSM1321086","timesignatr",18,17.1341575484566,0.865842451543436
"GSE54650","Cer",4,"GSM1321093","timesignatr",8,8.00682146983281,0.00682146983280951
"GSE54650","Cer",4,"GSM1321095","timesignatr",12,10.5833693772368,1.41663062276322
"GSE54650","Cer",4,"GSM1321096","timesignatr",14,15.2347896348216,1.2347896348216
"GSE54650","Cer",5,"GSM1321090","timesignatr",2,1.01759391271113,0.982406087288865
"GSE54650","Cer",5,"GSM1321094","timesignatr",10,11.1226346058091,1.12263460580913
"GSE54650","Cer",5,"GSM1321099","timesignatr",20,20.7927520672153,0.792752067215268
"GSE54650","Cer",5,"GSM1321103","timesignatr",4,6.00659230215277,2.00659230215277
"GSE54650","Hrt",1,"GSM1321111","timesignatr",20,21.484803331307,1.48480333130702
"GSE54650","Hrt",1,"GSM1321112","timesignatr",22,22.8957828638111,0.895782863811103
"GSE54650","Hrt",1,"GSM1321122","timesignatr",18,17.594169718547,0.405830281453021
"GSE54650","Hrt",1,"GSM1321130","timesignatr",10,10.1604297321524,0.160429732152386
"GSE54650","Hrt",2,"GSM1321113","timesignatr",0,0.85432244532283,0.85432244532283
"GSE54650","Hrt",2,"GSM1321115","timesignatr",4,3.58298073666913,0.417019263330873
"GSE54650","Hrt",2,"GSM1321128","timesignatr",6,5.77665178427394,0.223348215726061
"GSE54650","Hrt",2,"GSM1321129","timesignatr",8,9.23646088870164,1.23646088870164
"GSE54650","Hrt",3,"GSM1321124","timesignatr",22,20.3520434142505,1.64795658574948
"GSE54650","Hrt",3,"GSM1321125","timesignatr",0,22.7834412901617,1.21655870983827
"GSE54650","Hrt",3,"GSM1321131","timesignatr",12,11.9067552132624,0.0932447867376158
"GSE54650","Hrt",3,"GSM1321132","timesignatr",14,14.9705982346315,0.970598234631524
"GSE54650","Hrt",4,"GSM1321110","timesignatr",18,17.5103196688028,0.489680331197242
"GSE54650","Hrt",4,"GSM1321117","timesignatr",8,6.95977571590274,1.04022428409726
"GSE54650","Hrt",4,"GSM1321119","timesignatr",12,11.2594319729753,0.740568027024672
"GSE54650","Hrt",4,"GSM1321120","timesignatr",14,13.8293674266069,0.170632573393112
"GSE54650","Hrt",5,"GSM1321114","timesignatr",2,0.857105665344801,1.1428943346552
"GSE54650","Hrt",5,"GSM1321118","timesignatr",10,10.1080672343121,0.108067234312056
"GSE54650","Hrt",5,"GSM1321123","timesignatr",20,20.8930463626387,0.893046362638692
"GSE54650","Hrt",5,"GSM1321127","timesignatr",4,5.20641486686552,1.20641486686552
"GSE54650","Hyp",1,"GSM1321135","timesignatr",20,22.1947458591965,2.19474585919652
"GSE54650","Hyp",1,"GSM1321136","timesignatr",22,21.7439061306478,0.25609386935216
"GSE54650","Hyp",1,"GSM1321146","timesignatr",18,18.057016201113,0.0570162011129938
"GSE54650","Hyp",1,"GSM1321154","timesignatr",10,10.7735089194997,0.773508919499747
"GSE54650","Hyp",2,"GSM1321137","timesignatr",0,23.3155473413572,0.684452658642837
"GSE54650","Hyp",2,"GSM1321139","timesignatr",4,2.77877027527968,1.22122972472032
"GSE54650","Hyp",2,"GSM1321152","timesignatr",6,6.40029812673183,0.400298126731825
"GSE54650","Hyp",2,"GSM1321153","timesignatr",8,8.21024542098624,0.210245420986242
"GSE54650","Hyp",3,"GSM1321148","timesignatr",22,20.8981875444471,1.10181245555289
"GSE54650","Hyp",3,"GSM1321149","timesignatr",0,22.6888465463594,1.31115345364058
"GSE54650","Hyp",3,"GSM1321155","timesignatr",12,10.9271188805539,1.07288111944608
"GSE54650","Hyp",3,"GSM1321156","timesignatr",14,15.1760655554227,1.17606555542275
"GSE54650","Hyp",4,"GSM1321134","timesignatr",18,20.3947598448426,2.3947598448426
"GSE54650","Hyp",4,"GSM1321141","timesignatr",8,7.15255829190501,0.847441708094994
"GSE54650","Hyp",4,"GSM1321143","timesignatr",12,12.0808381792247,0.0808381792247239
"GSE54650","Hyp",4,"GSM1321144","timesignatr",14,15.2350755534037,1.23507555340372
"GSE54650","Hyp",5,"GSM1321138","timesignatr",2,2.10207208601732,0.102072086017318
"GSE54650","Hyp",5,"GSM1321142","timesignatr",10,10.240148613506,0.240148613505962
"GSE54650","Hyp",5,"GSM1321147","timesignatr",20,19.5398797551203,0.460120244879743
"GSE54650","Hyp",5,"GSM1321151","timesignatr",4,5.21423793782917,1.21423793782917
"GSE54650","Kid",1,"GSM1321159","timesignatr",20,20.6056896888755,0.60568968887554
"GSE54650","Kid",1,"GSM1321160","timesignatr",22,22.4581840102748,0.458184010274849
"GSE54650","Kid",1,"GSM1321170","timesignatr",18,18.4334082670809,0.433408267080949
"GSE54650","Kid",1,"GSM1321178","timesignatr",10,10.2779715020691,0.277971502069125
"GSE54650","Kid",2,"GSM1321161","timesignatr",0,23.3691862585517,0.630813741448343
"GSE54650","Kid",2,"GSM1321163","timesignatr",4,3.79602762835993,0.203972371640066
"GSE54650","Kid",2,"GSM1321176","timesignatr",6,6.38873595636306,0.388735956363057
"GSE54650","Kid",2,"GSM1321177","timesignatr",8,8.49924087604517,0.499240876045167
"GSE54650","Kid",3,"GSM1321172","timesignatr",22,21.3906536875038,0.6093463124962
"GSE54650","Kid",3,"GSM1321173","timesignatr",0,23.4853300828006,0.514669917199395
"GSE54650","Kid",3,"GSM1321179","timesignatr",12,12.0299669883661,0.0299669883660538
"GSE54650","Kid",3,"GSM1321180","timesignatr",14,14.9881357172673,0.988135717267348
"GSE54650","Kid",4,"GSM1321158","timesignatr",18,17.9928058616724,0.00719413832755578
"GSE54650","Kid",4,"GSM1321165","timesignatr",8,8.02464665433133,0.0246466543313346
"GSE54650","Kid",4,"GSM1321167","timesignatr",12,11.0322497859841,0.967750214015892
"GSE54650","Kid",4,"GSM1321168","timesignatr",14,13.016125456038,0.983874543961983
"GSE54650","Kid",5,"GSM1321162","timesignatr",2,2.84508123521861,0.845081235218613
"GSE54650","Kid",5,"GSM1321166","timesignatr",10,10.0298712872498,0.0298712872498026
"GSE54650","Kid",5,"GSM1321171","timesignatr",20,20.3714804003365,0.371480400336548
"GSE54650","Kid",5,"GSM1321175","timesignatr",4,4.85123138879975,0.851231388799754
"GSE54650","Liv",1,"GSM1321183","timesignatr",20,22.5821242875727,2.5821242875727
"GSE54650","Liv",1,"GSM1321184","timesignatr",22,23.7521553951087,1.75215539510867
"GSE54650","Liv",1,"GSM1321194","timesignatr",18,18.4648990859585,0.464899085958493
"GSE54650","Liv",1,"GSM1321202","timesignatr",10,10.0160320076708,0.0160320076708302
"GSE54650","Liv",2,"GSM1321185","timesignatr",0,22.4764464509383,1.52355354906172
"GSE54650","Liv",2,"GSM1321187","timesignatr",4,2.18073552959882,1.81926447040118
"GSE54650","Liv",2,"GSM1321200","timesignatr",6,6.18046057306748,0.180460573067475
"GSE54650","Liv",2,"GSM1321201","timesignatr",8,9.351530682651,1.351530682651
"GSE54650","Liv",3,"GSM1321196","timesignatr",22,21.1308626817907,0.869137318209312
"GSE54650","Liv",3,"GSM1321197","timesignatr",0,20.7671075219802,3.23289247801975
"GSE54650","Liv",3,"GSM1321203","timesignatr",12,12.1396878739775,0.139687873977479
"GSE54650","Liv",3,"GSM1321204","timesignatr",14,15.2809188184459,1.28091881844586
"GSE54650","Liv",4,"GSM1321182","timesignatr",18,17.8419813584764,0.15801864152364
"GSE54650","Liv",4,"GSM1321189","timesignatr",8,8.40976514884582,0.409765148845819
"GSE54650","Liv",4,"GSM1321191","timesignatr",12,11.2943681959545,0.705631804045529
"GSE54650","Liv",4,"GSM1321192","timesignatr",14,13.1769769445928,0.823023055407182
"GSE54650","Liv",5,"GSM1321186","timesignatr",2,2.13240239066937,0.132402390669371
"GSE54650","Liv",5,"GSM1321190","timesignatr",10,9.30988755656463,0.690112443435368
"GSE54650","Liv",5,"GSM1321195","timesignatr",20,20.897860741063,0.89786074106296
"GSE54650","Liv",5,"GSM1321199","timesignatr",4,3.99631601982348,0.00368398017651606
"GSE54650","Lun",1,"GSM1321207","timesignatr",20,20.7887651446822,0.788765144682159
"GSE54650","Lun",1,"GSM1321208","timesignatr",22,22.5770688399397,0.577068839939706
"GSE54650","Lun",1,"GSM1321218","timesignatr",18,18.1936981256649,0.193698125664906
"GSE54650","Lun",1,"GSM1321226","timesignatr",10,10.6231912236763,0.623191223676347
"GSE54650","Lun",2,"GSM1321209","timesignatr",0,0.097143220256223,0.097143220256223
"GSE54650","Lun",2,"GSM1321211","timesignatr",4,4.14869634919757,0.148696349197571
"GSE54650","Lun",2,"GSM1321224","timesignatr",6,6.30028728564995,0.300287285649945
"GSE54650","Lun",2,"GSM1321225","timesignatr",8,8.39317326278476,0.393173262784764
"GSE54650","Lun",3,"GSM1321220","timesignatr",22,21.8448410108813,0.155158989118718
"GSE54650","Lun",3,"GSM1321221","timesignatr",0,23.456952873098,0.543047126901971
"GSE54650","Lun",3,"GSM1321227","timesignatr",12,11.0637608138858,0.93623918611422
"GSE54650","Lun",3,"GSM1321228","timesignatr",14,14.389479793622,0.389479793622035
"GSE54650","Lun",4,"GSM1321206","timesignatr",18,17.4448581650073,0.555141834992714
"GSE54650","Lun",4,"GSM1321213","timesignatr",8,7.62044957715559,0.379550422844408
"GSE54650","Lun",4,"GSM1321215","timesignatr",12,11.6021081091782,0.397891890821768
"GSE54650","Lun",4,"GSM1321216","timesignatr",14,14.8964661451545,0.896466145154466
"GSE54650","Lun",5,"GSM1321210","timesignatr",2,1.91538555550466,0.0846144444953383
"GSE54650","Lun",5,"GSM1321214","timesignatr",10,10.1224904323174,0.122490432317415
"GSE54650","Lun",5,"GSM1321219","timesignatr",20,20.2981225674232,0.29812256742321
"GSE54650","Lun",5,"GSM1321223","timesignatr",4,4.59841636781913,0.598416367819129
"GSE54650","Mus",1,"GSM1321231","timesignatr",20,19.1696719078105,0.830328092189458
"GSE54650","Mus",1,"GSM1321232","timesignatr",22,22.8277508631093,0.827750863109344
"GSE54650","Mus",1,"GSM1321242","timesignatr",18,18.6341504238793,0.634150423879266
"GSE54650","Mus",1,"GSM1321250","timesignatr",10,11.6238216755991,1.62382167559912
"GSE54650","Mus",2,"GSM1321233","timesignatr",0,21.5673262234445,2.43267377655553
"GSE54650","Mus",2,"GSM1321235","timesignatr",4,1.92339683393336,2.07660316606664
"GSE54650","Mus",2,"GSM1321248","timesignatr",6,6.41315911393667,0.413159113936671
"GSE54650","Mus",2,"GSM1321249","timesignatr",8,8.56108967201581,0.561089672015809
"GSE54650","Mus",3,"GSM1321244","timesignatr",22,20.5151510198413,1.48484898015868
"GSE54650","Mus",3,"GSM1321245","timesignatr",0,23.8040549955724,0.195945004427564
"GSE54650","Mus",3,"GSM1321251","timesignatr",12,12.0410063261143,0.0410063261142923
"GSE54650","Mus",3,"GSM1321252","timesignatr",14,15.3057019806561,1.3057019806561
"GSE54650","Mus",4,"GSM1321230","timesignatr",18,19.8089430440419,1.80894304404192
"GSE54650","Mus",4,"GSM1321237","timesignatr",8,7.13998990630774,0.860010093692261
"GSE54650","Mus",4,"GSM1321239","timesignatr",12,10.0248457111163,1.97515428888374
"GSE54650","Mus",4,"GSM1321240","timesignatr",14,13.4086222695323,0.591377730467745
"GSE54650","Mus",5,"GSM1321234","timesignatr",2,1.85099305966355,0.149006940336448
"GSE54650","Mus",5,"GSM1321238","timesignatr",10,10.5780055668932,0.578005566893209
"GSE54650","Mus",5,"GSM1321243","timesignatr",20,20.5604950694703,0.560495069470253
"GSE54650","Mus",5,"GSM1321247","timesignatr",4,5.22536425851277,1.22536425851277
"GSE54650","WFat",1,"GSM1321255","timesignatr",20,21.7434121321132,1.74341213211315
"GSE54650","WFat",1,"GSM1321256","timesignatr",22,1.48070074168697,3.48070074168697
"GSE54650","WFat",1,"GSM1321266","timesignatr",18,18.0649806302796,0.0649806302796101
"GSE54650","WFat",1,"GSM1321274","timesignatr",10,10.0971298545926,0.0971298545926498
"GSE54650","WFat",2,"GSM1321257","timesignatr",0,23.9373953340672,0.0626046659327777
"GSE54650","WFat",2,"GSM1321259","timesignatr",4,3.5256987122565,0.474301287743498
"GSE54650","WFat",2,"GSM1321272","timesignatr",6,6.59798496864373,0.597984968643729
"GSE54650","WFat",2,"GSM1321273","timesignatr",8,8.60759812294844,0.60759812294844
"GSE54650","WFat",3,"GSM1321268","timesignatr",22,21.7775789081658,0.222421091834178
"GSE54650","WFat",3,"GSM1321269","timesignatr",0,23.3409830800883,0.659016919911693
"GSE54650","WFat",3,"GSM1321275","timesignatr",12,11.6459421651301,0.354057834869854
"GSE54650","WFat",3,"GSM1321276","timesignatr",14,14.5814420387653,0.581442038765255
"GSE54650","WFat",4,"GSM1321254","timesignatr",18,17.2908783507141,0.709121649285859
"GSE54650","WFat",4,"GSM1321261","timesignatr",8,8.16016684935365,0.160166849353653
"GSE54650","WFat",4,"GSM1321263","timesignatr",12,12.3571420477308,0.357142047730843
"GSE54650","WFat",4,"GSM1321264","timesignatr",14,13.778378371474,0.221621628525975
"GSE54650","WFat",5,"GSM1321258","timesignatr",2,2.00990858287855,0.0099085828785519
"GSE54650","WFat",5,"GSM1321262","timesignatr",10,9.89287388621282,0.10712611378718
"GSE54650","WFat",5,"GSM1321267","timesignatr",20,21.0536811640789,1.0536811640789
"GSE54650","WFat",5,"GSM1321271","timesignatr",4,4.25492520155342,0.254925201553424
"GSE54650","Adr",1,"GSM1320991","taufisher",20,21,1
"GSE54650","Adr",1,"GSM1320992","taufisher",22,23,1
"GSE54650","Adr",1,"GSM1321002","taufisher",18,18,0
"GSE54650","Adr",1,"GSM1321010","taufisher",10,11,1
"GSE54650","Adr",2,"GSM1320993","taufisher",0,1,1
"GSE54650","Adr",2,"GSM1320995","taufisher",4,4,0
"GSE54650","Adr",2,"GSM1321008","taufisher",6,5,1
"GSE54650","Adr",2,"GSM1321009","taufisher",8,8,0
"GSE54650","Adr",3,"GSM1321004","taufisher",22,21,1
"GSE54650","Adr",3,"GSM1321005","taufisher",0,23,1
"GSE54650","Adr",3,"GSM1321011","taufisher",12,13,1
"GSE54650","Adr",3,"GSM1321012","taufisher",14,15,1
"GSE54650","Adr",4,"GSM1320990","taufisher",18,17,1
"GSE54650","Adr",4,"GSM1320997","taufisher",8,8,0
"GSE54650","Adr",4,"GSM1320999","taufisher",12,10,2
"GSE54650","Adr",4,"GSM1321000","taufisher",14,13,1
"GSE54650","Adr",5,"GSM1320994","taufisher",2,2,0
"GSE54650","Adr",5,"GSM1320998","taufisher",10,10,0
"GSE54650","Adr",5,"GSM1321003","taufisher",20,20,0
"GSE54650","Adr",5,"GSM1321007","taufisher",4,4,0
"GSE54650","Aor",1,"GSM1321015","taufisher",20,20,0
"GSE54650","Aor",1,"GSM1321016","taufisher",22,22,0
"GSE54650","Aor",1,"GSM1321026","taufisher",18,17,1
"GSE54650","Aor",1,"GSM1321034","taufisher",10,10,0
"GSE54650","Aor",2,"GSM1321017","taufisher",0,0,0
"GSE54650","Aor",2,"GSM1321019","taufisher",4,3,1
"GSE54650","Aor",2,"GSM1321032","taufisher",6,7,1
"GSE54650","Aor",2,"GSM1321033","taufisher",8,8,0
"GSE54650","Aor",3,"GSM1321028","taufisher",22,21,1
"GSE54650","Aor",3,"GSM1321029","taufisher",0,0,0
"GSE54650","Aor",3,"GSM1321035","taufisher",12,12,0
"GSE54650","Aor",3,"GSM1321036","taufisher",14,15,1
"GSE54650","Aor",4,"GSM1321014","taufisher",18,18,0
"GSE54650","Aor",4,"GSM1321021","taufisher",8,8,0
"GSE54650","Aor",4,"GSM1321023","taufisher",12,10,2
"GSE54650","Aor",4,"GSM1321024","taufisher",14,13,1
"GSE54650","Aor",5,"GSM1321018","taufisher",2,2,0
"GSE54650","Aor",5,"GSM1321022","taufisher",10,10,0
"GSE54650","Aor",5,"GSM1321027","taufisher",20,20,0
"GSE54650","Aor",5,"GSM1321031","taufisher",4,5,1
"GSE54650","Bstm",1,"GSM1321039","taufisher",20,21,1
"GSE54650","Bstm",1,"GSM1321040","taufisher",22,0,2
"GSE54650","Bstm",1,"GSM1321050","taufisher",18,16,2
"GSE54650","Bstm",1,"GSM1321058","taufisher",10,11,1
"GSE54650","Bstm",2,"GSM1321041","taufisher",0,0,0
"GSE54650","Bstm",2,"GSM1321043","taufisher",4,2,2
"GSE54650","Bstm",2,"GSM1321056","taufisher",6,6,0
"GSE54650","Bstm",2,"GSM1321057","taufisher",8,8,0
"GSE54650","Bstm",3,"GSM1321052","taufisher",22,0,2
"GSE54650","Bstm",3,"GSM1321053","taufisher",0,23,1
"GSE54650","Bstm",3,"GSM1321059","taufisher",12,13,1
"GSE54650","Bstm",3,"GSM1321060","taufisher",14,15,1
"GSE54650","Bstm",4,"GSM1321038","taufisher",18,16,2
"GSE54650","Bstm",4,"GSM1321045","taufisher",8,7,1
"GSE54650","Bstm",4,"GSM1321047","taufisher",12,11,1
"GSE54650","Bstm",4,"GSM1321048","taufisher",14,14,0
"GSE54650","Bstm",5,"GSM1321042","taufisher",2,0,2
"GSE54650","Bstm",5,"GSM1321046","taufisher",10,9,1
"GSE54650","Bstm",5,"GSM1321051","taufisher",20,0,4
"GSE54650","Bstm",5,"GSM1321055","taufisher",4,6,2
"GSE54650","BFat",1,"GSM1321063","taufisher",20,20,0
"GSE54650","BFat",1,"GSM1321064","taufisher",22,21,1
"GSE54650","BFat",1,"GSM1321074","taufisher",18,18,0
"GSE54650","BFat",1,"GSM1321082","taufisher",10,10,0
"GSE54650","BFat",2,"GSM1321065","taufisher",0,0,0
"GSE54650","BFat",2,"GSM1321067","taufisher",4,3,1
"GSE54650","BFat",2,"GSM1321080","taufisher",6,6,0
"GSE54650","BFat",2,"GSM1321081","taufisher",8,9,1
"GSE54650","BFat",3,"GSM1321076","taufisher",22,21,1
"GSE54650","BFat",3,"GSM1321077","taufisher",0,0,0
"GSE54650","BFat",3,"GSM1321083","taufisher",12,12,0
"GSE54650","BFat",3,"GSM1321084","taufisher",14,14,0
"GSE54650","BFat",4,"GSM1321062","taufisher",18,18,0
"GSE54650","BFat",4,"GSM1321069","taufisher",8,8,0
"GSE54650","BFat",4,"GSM1321071","taufisher",12,10,2
"GSE54650","BFat",4,"GSM1321072","taufisher",14,13,1
"GSE54650","BFat",5,"GSM1321066","taufisher",2,2,0
"GSE54650","BFat",5,"GSM1321070","taufisher",10,11,1
"GSE54650","BFat",5,"GSM1321075","taufisher",20,21,1
"GSE54650","BFat",5,"GSM1321079","taufisher",4,6,2
"GSE54650","Cer",1,"GSM1321087","taufisher",20,21,1
"GSE54650","Cer",1,"GSM1321088","taufisher",22,23,1
"GSE54650","Cer",1,"GSM1321098","taufisher",18,19,1
"GSE54650","Cer",1,"GSM1321106","taufisher",10,10,0
"GSE54650","Cer",2,"GSM1321089","taufisher",0,1,1
"GSE54650","Cer",2,"GSM1321091","taufisher",4,2,2
"GSE54650","Cer",2,"GSM1321104","taufisher",6,7,1
"GSE54650","Cer",2,"GSM1321105","taufisher",8,9,1
"GSE54650","Cer",3,"GSM1321100","taufisher",22,22,0
"GSE54650","Cer",3,"GSM1321101","taufisher",0,0,0
"GSE54650","Cer",3,"GSM1321107","taufisher",12,12,0
"GSE54650","Cer",3,"GSM1321108","taufisher",14,17,3
"GSE54650","Cer",4,"GSM1321086","taufisher",18,18,0
"GSE54650","Cer",4,"GSM1321093","taufisher",8,8,0
"GSE54650","Cer",4,"GSM1321095","taufisher",12,11,1
"GSE54650","Cer",4,"GSM1321096","taufisher",14,14,0
"GSE54650","Cer",5,"GSM1321090","taufisher",2,0,2
"GSE54650","Cer",5,"GSM1321094","taufisher",10,12,2
"GSE54650","Cer",5,"GSM1321099","taufisher",20,0,4
"GSE54650","Cer",5,"GSM1321103","taufisher",4,5,1
"GSE54650","Hrt",1,"GSM1321111","taufisher",20,20,0
"GSE54650","Hrt",1,"GSM1321112","taufisher",22,0,2
"GSE54650","Hrt",1,"GSM1321122","taufisher",18,17,1
"GSE54650","Hrt",1,"GSM1321130","taufisher",10,11,1
"GSE54650","Hrt",2,"GSM1321113","taufisher",0,0,0
"GSE54650","Hrt",2,"GSM1321115","taufisher",4,4,0
"GSE54650","Hrt",2,"GSM1321128","taufisher",6,6,0
"GSE54650","Hrt",2,"GSM1321129","taufisher",8,9,1
"GSE54650","Hrt",3,"GSM1321124","taufisher",22,21,1
"GSE54650","Hrt",3,"GSM1321125","taufisher",0,22,2
"GSE54650","Hrt",3,"GSM1321131","taufisher",12,12,0
"GSE54650","Hrt",3,"GSM1321132","taufisher",14,15,1
"GSE54650","Hrt",4,"GSM1321110","taufisher",18,16,2
"GSE54650","Hrt",4,"GSM1321117","taufisher",8,8,0
"GSE54650","Hrt",4,"GSM1321119","taufisher",12,10,2
"GSE54650","Hrt",4,"GSM1321120","taufisher",14,13,1
"GSE54650","Hrt",5,"GSM1321114","taufisher",2,0,2
"GSE54650","Hrt",5,"GSM1321118","taufisher",10,10,0
"GSE54650","Hrt",5,"GSM1321123","taufisher",20,21,1
"GSE54650","Hrt",5,"GSM1321127","taufisher",4,6,2
"GSE54650","Hyp",1,"GSM1321135","taufisher",20,0,4
"GSE54650","Hyp",1,"GSM1321136","taufisher",22,16,6
"GSE54650","Hyp",1,"GSM1321146","taufisher",18,0,6
"GSE54650","Hyp",1,"GSM1321154","taufisher",10,14,4
"GSE54650","Hyp",2,"GSM1321137","taufisher",0,23,1
"GSE54650","Hyp",2,"GSM1321139","taufisher",4,4,0
"GSE54650","Hyp",2,"GSM1321152","taufisher",6,7,1
"GSE54650","Hyp",2,"GSM1321153","taufisher",8,8,0
"GSE54650","Hyp",3,"GSM1321148","taufisher",22,0,2
"GSE54650","Hyp",3,"GSM1321149","taufisher",0,22,2
"GSE54650","Hyp",3,"GSM1321155","taufisher",12,10,2
"GSE54650","Hyp",3,"GSM1321156","taufisher",14,15,1
"GSE54650","Hyp",4,"GSM1321134","taufisher",18,20,2
"GSE54650","Hyp",4,"GSM1321141","taufisher",8,8,0
"GSE54650","Hyp",4,"GSM1321143","taufisher",12,10,2
"GSE54650","Hyp",4,"GSM1321144","taufisher",14,14,0
"GSE54650","Hyp",5,"GSM1321138","taufisher",2,0,2
"GSE54650","Hyp",5,"GSM1321142","taufisher",10,8,2
"GSE54650","Hyp",5,"GSM1321147","taufisher",20,0,4
"GSE54650","Hyp",5,"GSM1321151","taufisher",4,6,2
"GSE54650","Kid",1,"GSM1321159","taufisher",20,21,1
"GSE54650","Kid",1,"GSM1321160","taufisher",22,22,0
"GSE54650","Kid",1,"GSM1321170","taufisher",18,18,0
"GSE54650","Kid",1,"GSM1321178","taufisher",10,9,1
"GSE54650","Kid",2,"GSM1321161","taufisher",0,1,1
"GSE54650","Kid",2,"GSM1321163","taufisher",4,4,0
"GSE54650","Kid",2,"GSM1321176","taufisher",6,7,1
"GSE54650","Kid",2,"GSM1321177","taufisher",8,9,1
"GSE54650","Kid",3,"GSM1321172","taufisher",22,20,2
"GSE54650","Kid",3,"GSM1321173","taufisher",0,22,2
"GSE54650","Kid",3,"GSM1321179","taufisher",12,12,0
"GSE54650","Kid",3,"GSM1321180","taufisher",14,15,1
"GSE54650","Kid",4,"GSM1321158","taufisher",18,17,1
"GSE54650","Kid",4,"GSM1321165","taufisher",8,8,0
"GSE54650","Kid",4,"GSM1321167","taufisher",12,10,2
"GSE54650","Kid",4,"GSM1321168","taufisher",14,12,2
"GSE54650","Kid",5,"GSM1321162","taufisher",2,3,1
"GSE54650","Kid",5,"GSM1321166","taufisher",10,10,0
"GSE54650","Kid",5,"GSM1321171","taufisher",20,21,1
"GSE54650","Kid",5,"GSM1321175","taufisher",4,5,1
"GSE54650","Liv",1,"GSM1321183","taufisher",20,22,2
"GSE54650","Liv",1,"GSM1321184","taufisher",22,23,1
"GSE54650","Liv",1,"GSM1321194","taufisher",18,16,2
"GSE54650","Liv",1,"GSM1321202","taufisher",10,10,0
"GSE54650","Liv",2,"GSM1321185","taufisher",0,1,1
"GSE54650","Liv",2,"GSM1321187","taufisher",4,4,0
"GSE54650","Liv",2,"GSM1321200","taufisher",6,7,1
"GSE54650","Liv",2,"GSM1321201","taufisher",8,8,0
"GSE54650","Liv",3,"GSM1321196","taufisher",22,21,1
"GSE54650","Liv",3,"GSM1321197","taufisher",0,21,3
"GSE54650","Liv",3,"GSM1321203","taufisher",12,12,0
"GSE54650","Liv",3,"GSM1321204","taufisher",14,14,0
"GSE54650","Liv",4,"GSM1321182","taufisher",18,17,1
"GSE54650","Liv",4,"GSM1321189","taufisher",8,9,1
"GSE54650","Liv",4,"GSM1321191","taufisher",12,11,1
"GSE54650","Liv",4,"GSM1321192","taufisher",14,14,0
"GSE54650","Liv",5,"GSM1321186","taufisher",2,3,1
"GSE54650","Liv",5,"GSM1321190","taufisher",10,9,1
"GSE54650","Liv",5,"GSM1321195","taufisher",20,21,1
"GSE54650","Liv",5,"GSM1321199","taufisher",4,5,1
"GSE54650","Lun",1,"GSM1321207","taufisher",20,20,0
"GSE54650","Lun",1,"GSM1321208","taufisher",22,23,1
"GSE54650","Lun",1,"GSM1321218","taufisher",18,17,1
"GSE54650","Lun",1,"GSM1321226","taufisher",10,10,0
"GSE54650","Lun",2,"GSM1321209","taufisher",0,1,1
"GSE54650","Lun",2,"GSM1321211","taufisher",4,4,0
"GSE54650","Lun",2,"GSM1321224","taufisher",6,6,0
"GSE54650","Lun",2,"GSM1321225","taufisher",8,8,0
"GSE54650","Lun",3,"GSM1321220","taufisher",22,21,1
"GSE54650","Lun",3,"GSM1321221","taufisher",0,23,1
"GSE54650","Lun",3,"GSM1321227","taufisher",12,12,0
"GSE54650","Lun",3,"GSM1321228","taufisher",14,15,1
"GSE54650","Lun",4,"GSM1321206","taufisher",18,17,1
"GSE54650","Lun",4,"GSM1321213","taufisher",8,8,0
"GSE54650","Lun",4,"GSM1321215","taufisher",12,11,1
"GSE54650","Lun",4,"GSM1321216","taufisher",14,13,1
"GSE54650","Lun",5,"GSM1321210","taufisher",2,3,1
"GSE54650","Lun",5,"GSM1321214","taufisher",10,9,1
"GSE54650","Lun",5,"GSM1321219","taufisher",20,20,0
"GSE54650","Lun",5,"GSM1321223","taufisher",4,5,1
"GSE54650","Mus",1,"GSM1321231","taufisher",20,19,1
"GSE54650","Mus",1,"GSM1321232","taufisher",22,0,2
"GSE54650","Mus",1,"GSM1321242","taufisher",18,18,0
"GSE54650","Mus",1,"GSM1321250","taufisher",10,10,0
"GSE54650","Mus",2,"GSM1321233","taufisher",0,23,1
"GSE54650","Mus",2,"GSM1321235","taufisher",4,4,0
"GSE54650","Mus",2,"GSM1321248","taufisher",6,6,0
"GSE54650","Mus",2,"GSM1321249","taufisher",8,9,1
"GSE54650","Mus",3,"GSM1321244","taufisher",22,21,1
"GSE54650","Mus",3,"GSM1321245","taufisher",0,0,0
"GSE54650","Mus",3,"GSM1321251","taufisher",12,12,0
"GSE54650","Mus",3,"GSM1321252","taufisher",14,15,1
"GSE54650","Mus",4,"GSM1321230","taufisher",18,17,1
"GSE54650","Mus",4,"GSM1321237","taufisher",8,8,0
"GSE54650","Mus",4,"GSM1321239","taufisher",12,11,1
"GSE54650","Mus",4,"GSM1321240","taufisher",14,13,1
"GSE54650","Mus",5,"GSM1321234","taufisher",2,3,1
"GSE54650","Mus",5,"GSM1321238","taufisher",10,9,1
"GSE54650","Mus",5,"GSM1321243","taufisher",20,20,0
"GSE54650","Mus",5,"GSM1321247","taufisher",4,5,1
"GSE54650","WFat",1,"GSM1321255","taufisher",20,21,1
"GSE54650","WFat",1,"GSM1321256","taufisher",22,23,1
"GSE54650","WFat",1,"GSM1321266","taufisher",18,18,0
"GSE54650","WFat",1,"GSM1321274","taufisher",10,9,1
"GSE54650","WFat",2,"GSM1321257","taufisher",0,0,0
"GSE54650","WFat",2,"GSM1321259","taufisher",4,4,0
"GSE54650","WFat",2,"GSM1321272","taufisher",6,7,1
"GSE54650","WFat",2,"GSM1321273","taufisher",8,9,1
"GSE54650","WFat",3,"GSM1321268","taufisher",22,21,1
"GSE54650","WFat",3,"GSM1321269","taufisher",0,0,0
"GSE54650","WFat",3,"GSM1321275","taufisher",12,13,1
"GSE54650","WFat",3,"GSM1321276","taufisher",14,16,2
"GSE54650","WFat",4,"GSM1321254","taufisher",18,18,0
"GSE54650","WFat",4,"GSM1321261","taufisher",8,8,0
"GSE54650","WFat",4,"GSM1321263","taufisher",12,11,1
"GSE54650","WFat",4,"GSM1321264","taufisher",14,13,1
"GSE54650","WFat",5,"GSM1321258","taufisher",2,2,0
"GSE54650","WFat",5,"GSM1321262","taufisher",10,11,1
"GSE54650","WFat",5,"GSM1321267","taufisher",20,21,1
"GSE54650","WFat",5,"GSM1321271","taufisher",4,4,0
"GSE54650","Adr",1,"GSM1320991","consensus_equal",20,20.9166666666667,0.91666666666665
"GSE54650","Adr",1,"GSM1320992","consensus_equal",22,22.875,0.875
"GSE54650","Adr",1,"GSM1321002","consensus_equal",18,17.875,0.125
"GSE54650","Adr",1,"GSM1321010","consensus_equal",10,11.0833333333333,1.08333333333335
"GSE54650","Adr",2,"GSM1320993","consensus_equal",0,0.625,0.625
"GSE54650","Adr",2,"GSM1320995","consensus_equal",4,3.70833333333333,0.291666666666665
"GSE54650","Adr",2,"GSM1321008","consensus_equal",6,5.70833333333333,0.291666666666665
"GSE54650","Adr",2,"GSM1321009","consensus_equal",8,8.125,0.124999999999998
"GSE54650","Adr",3,"GSM1321004","consensus_equal",22,21.0416666666667,0.95833333333335
"GSE54650","Adr",3,"GSM1321005","consensus_equal",0,23.2916666666667,0.70833333333335
"GSE54650","Adr",3,"GSM1321011","consensus_equal",12,12.9583333333333,0.958333333333348
"GSE54650","Adr",3,"GSM1321012","consensus_equal",14,15.25,1.25
"GSE54650","Adr",4,"GSM1320990","consensus_equal",18,16.9583333333333,1.04166666666665
"GSE54650","Adr",4,"GSM1320997","consensus_equal",8,7.83333333333333,0.166666666666665
"GSE54650","Adr",4,"GSM1320999","consensus_equal",12,10.1666666666667,1.83333333333335
"GSE54650","Adr",4,"GSM1321000","consensus_equal",14,12.9583333333333,1.04166666666665
"GSE54650","Adr",5,"GSM1320994","consensus_equal",2,1.91666666666666,0.0833333333333353
"GSE54650","Adr",5,"GSM1320998","consensus_equal",10,10.0833333333333,0.0833333333333499
"GSE54650","Adr",5,"GSM1321003","consensus_equal",20,19.8333333333333,0.16666666666665
"GSE54650","Adr",5,"GSM1321007","consensus_equal",4,4.41666666666667,0.416666666666665
"GSE54650","Adr",1,"GSM1320991","consensus_accuracy",20,20.9195050937851,0.919505093785137
"GSE54650","Adr",1,"GSM1320992","consensus_accuracy",22,22.8792584844554,0.879258484455374
"GSE54650","Adr",1,"GSM1321002","consensus_accuracy",18,17.8792584844554,0.120741515544626
"GSE54650","Adr",1,"GSM1321010","consensus_accuracy",10,11.0804949062149,1.08049490621486
"GSE54650","Adr",2,"GSM1320993","consensus_accuracy",0,0.637812038440953,0.637812038440953
"GSE54650","Adr",2,"GSM1320995","consensus_accuracy",4,3.71828558133469,0.281714418665308
"GSE54650","Adr",2,"GSM1321008","consensus_accuracy",6,5.6839304857351,0.316069514264895
"GSE54650","Adr",2,"GSM1321009","consensus_accuracy",8,8.12074151554462,0.120741515544625
"GSE54650","Adr",3,"GSM1321004","consensus_accuracy",22,21.0402476217988,0.959752378201213
"GSE54650","Adr",3,"GSM1321005","consensus_accuracy",0,23.2817144186653,0.718285581334708
"GSE54650","Adr",3,"GSM1321011","consensus_accuracy",12,12.9597523782012,0.959752378201213
"GSE54650","Adr",3,"GSM1321012","consensus_accuracy",14,15.2414739044111,1.24147390441115
"GSE54650","Adr",4,"GSM1320990","consensus_accuracy",18,16.9597523782012,1.04024762179879
"GSE54650","Adr",4,"GSM1320997","consensus_accuracy",8,7.8390128885575,0.160987111442497
"GSE54650","Adr",4,"GSM1320999","consensus_accuracy",12,10.1609871114425,1.83901288855752
"GSE54650","Adr",4,"GSM1321000","consensus_accuracy",14,12.9597523782012,1.04024762179879
"GSE54650","Adr",5,"GSM1320994","consensus_accuracy",2,1.91950509378515,0.0804949062148483
"GSE54650","Adr",5,"GSM1320998","consensus_accuracy",10,10.0804949062149,0.080494906214863
"GSE54650","Adr",5,"GSM1321003","consensus_accuracy",20,19.8390128885575,0.160987111442481
"GSE54650","Adr",5,"GSM1321007","consensus_accuracy",4,4.40242029468622,0.402420294686225
"GSE54650","Aor",1,"GSM1321015","consensus_equal",20,20.1666666666667,0.16666666666665
"GSE54650","Aor",1,"GSM1321016","consensus_equal",22,22.4166666666667,0.41666666666665
"GSE54650","Aor",1,"GSM1321026","consensus_equal",18,17.375,0.625
"GSE54650","Aor",1,"GSM1321034","consensus_equal",10,10.2916666666666,0.291666666666648
"GSE54650","Aor",2,"GSM1321017","consensus_equal",0,0.0416666666666666,0.0416666666666666
"GSE54650","Aor",2,"GSM1321019","consensus_equal",4,3.33333333333333,0.666666666666665
"GSE54650","Aor",2,"GSM1321032","consensus_equal",6,6.95833333333334,0.958333333333336
"GSE54650","Aor",2,"GSM1321033","consensus_equal",8,8.5,0.5
"GSE54650","Aor",3,"GSM1321028","consensus_equal",22,20.875,1.125
"GSE54650","Aor",3,"GSM1321029","consensus_equal",0,23.8333333333333,0.16666666666665
"GSE54650","Aor",3,"GSM1321035","consensus_equal",12,12.1666666666667,0.16666666666665
"GSE54650","Aor",3,"GSM1321036","consensus_equal",14,15.0416666666667,1.04166666666665
"GSE54650","Aor",4,"GSM1321014","consensus_equal",18,17.7916666666667,0.20833333333335
"GSE54650","Aor",4,"GSM1321021","consensus_equal",8,8,0
"GSE54650","Aor",4,"GSM1321023","consensus_equal",12,10.625,1.375
"GSE54650","Aor",4,"GSM1321024","consensus_equal",14,13.0833333333333,0.916666666666654
"GSE54650","Aor",5,"GSM1321018","consensus_equal",2,2,0
"GSE54650","Aor",5,"GSM1321022","consensus_equal",10,9.5,0.5
"GSE54650","Aor",5,"GSM1321027","consensus_equal",20,20.2083333333333,0.20833333333335
"GSE54650","Aor",5,"GSM1321031","consensus_equal",4,4.95833333333333,0.958333333333334
"GSE54650","Aor",1,"GSM1321015","consensus_accuracy",20,20.1451478598418,0.145147859841757
"GSE54650","Aor",1,"GSM1321016","consensus_accuracy",22,22.3626925526644,0.362692552664413
"GSE54650","Aor",1,"GSM1321026","consensus_accuracy",18,17.3264594584387,0.673540541561284
"GSE54650","Aor",1,"GSM1321034","consensus_accuracy",10,10.2539601685966,0.253960168596567
"GSE54650","Aor",2,"GSM1321017","consensus_accuracy",0,0.0362901128754706,0.0362901128754706
"GSE54650","Aor",2,"GSM1321019","consensus_accuracy",4,3.29021489674423,0.709785103255767
"GSE54650","Aor",2,"GSM1321032","consensus_accuracy",6,6.96370988712453,0.963709887124531
"GSE54650","Aor",2,"GSM1321033","consensus_accuracy",8,8.43511907939995,0.43511907939995
"GSE54650","Aor",3,"GSM1321028","consensus_accuracy",22,20.8911346964008,1.10886530359924
"GSE54650","Aor",3,"GSM1321029","consensus_accuracy",0,23.8548521401582,0.145147859841757
"GSE54650","Aor",3,"GSM1321035","consensus_accuracy",12,12.1451478598418,0.145147859841758
"GSE54650","Aor",3,"GSM1321036","consensus_accuracy",14,15.0362901128755,1.03629011287546
"GSE54650","Aor",4,"GSM1321014","consensus_accuracy",18,17.8185746294734,0.181425370526554
"GSE54650","Aor",4,"GSM1321021","consensus_accuracy",8,8,0
"GSE54650","Aor",4,"GSM1321023","consensus_accuracy",12,10.5436396485521,1.45636035144791
"GSE54650","Aor",4,"GSM1321024","consensus_accuracy",14,13.0725789672863,0.927421032713703
"GSE54650","Aor",5,"GSM1321018","consensus_accuracy",2,2,4.44089209850063e-16
"GSE54650","Aor",5,"GSM1321022","consensus_accuracy",10,9.56488092060005,0.43511907939995
"GSE54650","Aor",5,"GSM1321027","consensus_accuracy",20,20.1814253705266,0.181425370526554
"GSE54650","Aor",5,"GSM1321031","consensus_accuracy",4,4.96370988712453,0.963709887124531
"GSE54650","Bstm",1,"GSM1321039","consensus_equal",20,21.125,1.125
"GSE54650","Bstm",1,"GSM1321040","consensus_equal",22,23.7083333333333,1.70833333333335
"GSE54650","Bstm",1,"GSM1321050","consensus_equal",18,17.2083333333333,0.79166666666665
"GSE54650","Bstm",1,"GSM1321058","consensus_equal",10,10.4583333333333,0.458333333333336
"GSE54650","Bstm",2,"GSM1321041","consensus_equal",0,23.4583333333333,0.54166666666665
"GSE54650","Bstm",2,"GSM1321043","consensus_equal",4,2.79166666666666,1.20833333333334
"GSE54650","Bstm",2,"GSM1321056","consensus_equal",6,5.875,0.125
"GSE54650","Bstm",2,"GSM1321057","consensus_equal",8,8,0
"GSE54650","Bstm",3,"GSM1321052","consensus_equal",22,22.6666666666667,0.66666666666665
"GSE54650","Bstm",3,"GSM1321053","consensus_equal",0,22.4166666666667,1.58333333333335
"GSE54650","Bstm",3,"GSM1321059","consensus_equal",12,12.625,0.624999999999998
"GSE54650","Bstm",3,"GSM1321060","consensus_equal",14,15.0416666666667,1.04166666666665
"GSE54650","Bstm",4,"GSM1321038","consensus_equal",18,17.125,0.875
"GSE54650","Bstm",4,"GSM1321045","consensus_equal",8,6.875,1.125
"GSE54650","Bstm",4,"GSM1321047","consensus_equal",12,10.7083333333333,1.29166666666665
"GSE54650","Bstm",4,"GSM1321048","consensus_equal",14,14.1666666666667,0.16666666666665
"GSE54650","Bstm",5,"GSM1321042","consensus_equal",2,1.20833333333333,0.791666666666665
"GSE54650","Bstm",5,"GSM1321046","consensus_equal",10,9.125,0.875
"GSE54650","Bstm",5,"GSM1321051","consensus_equal",20,22.1666666666667,2.16666666666665
"GSE54650","Bstm",5,"GSM1321055","consensus_equal",4,5.75,1.75
"GSE54650","Bstm",1,"GSM1321039","consensus_accuracy",20,21.1566370772241,1.15663707722408
"GSE54650","Bstm",1,"GSM1321040","consensus_accuracy",22,23.634403627621,1.63440362762103
"GSE54650","Bstm",1,"GSM1321050","consensus_accuracy",18,17.5239594157146,0.476040584285425
"GSE54650","Bstm",1,"GSM1321058","consensus_accuracy",10,10.3204189943824,0.320418994382418
"GSE54650","Bstm",2,"GSM1321041","consensus_accuracy",0,23.3204189943824,0.679581005617564
"GSE54650","Bstm",2,"GSM1321043","consensus_accuracy",4,2.99469464241249,1.00530535758751
"GSE54650","Bstm",2,"GSM1321056","consensus_accuracy",6,5.84336292277592,0.156637077224081
"GSE54650","Bstm",2,"GSM1321057","consensus_accuracy",8,8,0
"GSE54650","Bstm",3,"GSM1321052","consensus_accuracy",22,22.3159024561861,0.31590245618608
"GSE54650","Bstm",3,"GSM1321053","consensus_accuracy",0,22.2679932426914,1.73200675730861
"GSE54650","Bstm",3,"GSM1321059","consensus_accuracy",12,12.5298341723282,0.529834172328171
"GSE54650","Bstm",3,"GSM1321060","consensus_accuracy",14,15.0522092267325,1.0522092267325
"GSE54650","Bstm",4,"GSM1321038","consensus_accuracy",18,17.4175911874922,0.582408812507801
"GSE54650","Bstm",4,"GSM1321045","consensus_accuracy",8,6.84336292277592,1.15663707722408
"GSE54650","Bstm",4,"GSM1321047","consensus_accuracy",12,10.634403627621,1.36559637237897
"GSE54650","Bstm",4,"GSM1321048","consensus_accuracy",14,14.2088604065766,0.208860406576576
"GSE54650","Bstm",5,"GSM1321042","consensus_accuracy",2,1.52395941571456,0.47604058428544
"GSE54650","Bstm",5,"GSM1321046","consensus_accuracy",10,9.15663707722408,0.843362922775919
"GSE54650","Bstm",5,"GSM1321051","consensus_accuracy",20,21.6664517597196,1.66645175971956
"GSE54650","Bstm",5,"GSM1321055","consensus_accuracy",4,5.6866623199599,1.6866623199599
"GSE54650","BFat",1,"GSM1321063","consensus_equal",20,20.0416666666667,0.0416666666666501
"GSE54650","BFat",1,"GSM1321064","consensus_equal",22,21.875,0.125
"GSE54650","BFat",1,"GSM1321074","consensus_equal",18,18.2083333333333,0.20833333333335
"GSE54650","BFat",1,"GSM1321082","consensus_equal",10,10.2916666666666,0.291666666666648
"GSE54650","BFat",2,"GSM1321065","consensus_equal",0,0.166666666666666,0.166666666666666
"GSE54650","BFat",2,"GSM1321067","consensus_equal",4,3.125,0.875
"GSE54650","BFat",2,"GSM1321080","consensus_equal",6,6,0
"GSE54650","BFat",2,"GSM1321081","consensus_equal",8,8.54166666666666,0.541666666666664
"GSE54650","BFat",3,"GSM1321076","consensus_equal",22,21.1666666666667,0.83333333333335
"GSE54650","BFat",3,"GSM1321077","consensus_equal",0,23.8333333333333,0.16666666666665
"GSE54650","BFat",3,"GSM1321083","consensus_equal",12,11.75,0.25
"GSE54650","BFat",3,"GSM1321084","consensus_equal",14,14.2083333333333,0.20833333333335
"GSE54650","BFat",4,"GSM1321062","consensus_equal",18,18.125,0.125
"GSE54650","BFat",4,"GSM1321069","consensus_equal",8,7.75,0.250000000000001
"GSE54650","BFat",4,"GSM1321071","consensus_equal",12,10.4166666666667,1.58333333333335
"GSE54650","BFat",4,"GSM1321072","consensus_equal",14,13.1666666666666,0.833333333333352
"GSE54650","BFat",5,"GSM1321066","consensus_equal",2,2.08333333333333,0.0833333333333348
"GSE54650","BFat",5,"GSM1321070","consensus_equal",10,10.2916666666667,0.291666666666664
"GSE54650","BFat",5,"GSM1321075","consensus_equal",20,21.125,1.125
"GSE54650","BFat",5,"GSM1321079","consensus_equal",4,5.54166666666667,1.54166666666667
"GSE54650","BFat",1,"GSM1321063","consensus_accuracy",20,20.0428016014029,0.0428016014029176
"GSE54650","BFat",1,"GSM1321064","consensus_accuracy",22,21.8992581730449,0.100741826955062
"GSE54650","BFat",1,"GSM1321074","consensus_accuracy",18,18.2140134113624,0.214013411362416
"GSE54650","BFat",1,"GSM1321082","consensus_accuracy",10,10.2996263593017,0.299626359301673
"GSE54650","BFat",2,"GSM1321065","consensus_accuracy",0,0.171209106628457,0.171209106628457
"GSE54650","BFat",2,"GSM1321067","consensus_accuracy",4,3.12840588425577,0.871594115744233
"GSE54650","BFat",2,"GSM1321080","consensus_accuracy",6,6,0
"GSE54650","BFat",2,"GSM1321081","consensus_accuracy",8,8.52912266382033,0.529122663820335
"GSE54650","BFat",3,"GSM1321076","consensus_accuracy",22,21.1712091066284,0.828790893371561
"GSE54650","BFat",3,"GSM1321077","consensus_accuracy",0,23.8287908933716,0.171209106628442
"GSE54650","BFat",3,"GSM1321083","consensus_accuracy",12,11.7431809290191,0.256819070980907
"GSE54650","BFat",3,"GSM1321084","consensus_accuracy",14,14.2140134113624,0.214013411362419
"GSE54650","BFat",4,"GSM1321062","consensus_accuracy",18,18.1284058842558,0.128405884255766
"GSE54650","BFat",4,"GSM1321069","consensus_accuracy",8,7.74318092901909,0.256819070980907
"GSE54650","BFat",4,"GSM1321071","consensus_accuracy",12,10.4280607596513,1.57193924034874
"GSE54650","BFat",4,"GSM1321072","consensus_accuracy",14,13.1712091066284,0.828790893371561
"GSE54650","BFat",5,"GSM1321066","consensus_accuracy",2,2.08560347275341,0.0856034727534118
"GSE54650","BFat",5,"GSM1321070","consensus_accuracy",10,10.2721494721463,0.272149472146317
"GSE54650","BFat",5,"GSM1321075","consensus_accuracy",20,21.1284058842558,1.12840588425577
"GSE54650","BFat",5,"GSM1321079","consensus_accuracy",4,5.52912266382033,1.52912266382033
"GSE54650","Cer",1,"GSM1321087","consensus_equal",20,20.75,0.75
"GSE54650","Cer",1,"GSM1321088","consensus_equal",22,22.375,0.375
"GSE54650","Cer",1,"GSM1321098","consensus_equal",18,18.5833333333333,0.58333333333335
"GSE54650","Cer",1,"GSM1321106","consensus_equal",10,10.1666666666667,0.166666666666652
"GSE54650","Cer",2,"GSM1321089","consensus_equal",0,0.416666666666649,0.416666666666649
"GSE54650","Cer",2,"GSM1321091","consensus_equal",4,2.5,1.5
"GSE54650","Cer",2,"GSM1321104","consensus_equal",6,6.54166666666666,0.541666666666664
"GSE54650","Cer",2,"GSM1321105","consensus_equal",8,8.95833333333334,0.958333333333336
"GSE54650","Cer",3,"GSM1321100","consensus_equal",22,21.6666666666666,0.333333333333353
"GSE54650","Cer",3,"GSM1321101","consensus_equal",0,22.7916666666667,1.20833333333335
"GSE54650","Cer",3,"GSM1321107","consensus_equal",12,12.0833333333333,0.0833333333333499
"GSE54650","Cer",3,"GSM1321108","consensus_equal",14,16.5833333333333,2.58333333333335
"GSE54650","Cer",4,"GSM1321086","consensus_equal",18,18.125,0.125
"GSE54650","Cer",4,"GSM1321093","consensus_equal",8,7.95833333333333,0.041666666666667
"GSE54650","Cer",4,"GSM1321095","consensus_equal",12,11.0416666666667,0.95833333333335
"GSE54650","Cer",4,"GSM1321096","consensus_equal",14,14.5,0.5
"GSE54650","Cer",5,"GSM1321090","consensus_equal",2,1.20833333333333,0.791666666666665
"GSE54650","Cer",5,"GSM1321094","consensus_equal",10,11.5,1.5
"GSE54650","Cer",5,"GSM1321099","consensus_equal",20,21.7916666666667,1.79166666666665
"GSE54650","Cer",5,"GSM1321103","consensus_equal",4,4.91666666666667,0.916666666666665
"GSE54650","Cer",1,"GSM1321087","consensus_accuracy",20,20.6977703776507,0.697770377650741
"GSE54650","Cer",1,"GSM1321088","consensus_accuracy",22,22.2434800218123,0.243480021812257
"GSE54650","Cer",1,"GSM1321098","consensus_accuracy",18,18.4960716137663,0.496071613766329
"GSE54650","Cer",1,"GSM1321106","consensus_accuracy",10,10.2014599705327,0.201459970532746
"GSE54650","Cer",2,"GSM1321089","consensus_accuracy",0,0.294051124912613,0.294051124912613
"GSE54650","Cer",2,"GSM1321091","consensus_accuracy",4,2.60489009841215,1.39510990158785
"GSE54650","Cer",2,"GSM1321104","consensus_accuracy",6,6.44560183907389,0.445601839073891
"GSE54650","Cer",2,"GSM1321105","consensus_accuracy",8,8.94963995796484,0.949639957964845
"GSE54650","Cer",3,"GSM1321100","consensus_accuracy",22,21.5969529674153,0.403047032584659
"GSE54650","Cer",3,"GSM1321101","consensus_accuracy",0,22.5312126355077,1.46878736449232
"GSE54650","Cer",3,"GSM1321107","consensus_accuracy",12,12.1007220632522,0.100722063252192
"GSE54650","Cer",3,"GSM1321108","consensus_accuracy",14,16.4960716137663,2.49607161376633
"GSE54650","Cer",4,"GSM1321086","consensus_accuracy",18,18.1510880445946,0.151088044594619
"GSE54650","Cer",4,"GSM1321093","consensus_accuracy",8,7.94963995796484,0.0503600420351571
"GSE54650","Cer",4,"GSM1321095","consensus_accuracy",12,11.0503600420351,0.949639957964862
"GSE54650","Cer",4,"GSM1321096","consensus_accuracy",14,14.6048900984122,0.604890098412152
"GSE54650","Cer",5,"GSM1321090","consensus_accuracy",2,1.4687873644923,0.531212635507699
"GSE54650","Cer",5,"GSM1321094","consensus_accuracy",10,11.3951099015878,1.39510990158785
"GSE54650","Cer",5,"GSM1321099","consensus_accuracy",20,21.2748427465243,1.27484274652431
"GSE54650","Cer",5,"GSM1321103","consensus_accuracy",4,4.89927793674783,0.899277936747826
"GSE54650","Hrt",1,"GSM1321111","consensus_equal",20,20.125,0.125
"GSE54650","Hrt",1,"GSM1321112","consensus_equal",22,22.9583333333333,0.95833333333335
"GSE54650","Hrt",1,"GSM1321122","consensus_equal",18,17.2916666666667,0.70833333333335
"GSE54650","Hrt",1,"GSM1321130","consensus_equal",10,10.9166666666667,0.91666666666665
"GSE54650","Hrt",2,"GSM1321113","consensus_equal",0,23.875,0.125
"GSE54650","Hrt",2,"GSM1321115","consensus_equal",4,3.5,0.5
"GSE54650","Hrt",2,"GSM1321128","consensus_equal",6,6.20833333333334,0.208333333333336
"GSE54650","Hrt",2,"GSM1321129","consensus_equal",8,9.04166666666666,1.04166666666666
"GSE54650","Hrt",3,"GSM1321124","consensus_equal",22,20.8333333333333,1.16666666666665
"GSE54650","Hrt",3,"GSM1321125","consensus_equal",0,22.1666666666666,1.83333333333335
"GSE54650","Hrt",3,"GSM1321131","consensus_equal",12,12.0833333333333,0.0833333333333499
"GSE54650","Hrt",3,"GSM1321132","consensus_equal",14,15.2083333333333,1.20833333333335
"GSE54650","Hrt",4,"GSM1321110","consensus_equal",18,16.625,1.375
"GSE54650","Hrt",4,"GSM1321117","consensus_equal",8,7.79166666666667,0.208333333333334
"GSE54650","Hrt",4,"GSM1321119","consensus_equal",12,10.5,1.5
"GSE54650","Hrt",4,"GSM1321120","consensus_equal",14,13.375,0.625000000000002
"GSE54650","Hrt",5,"GSM1321114","consensus_equal",2,0.5,1.5
"GSE54650","Hrt",5,"GSM1321118","consensus_equal",10,10,0
"GSE54650","Hrt",5,"GSM1321123","consensus_equal",20,20.9166666666667,0.91666666666665
"GSE54650","Hrt",5,"GSM1321127","consensus_equal",4,5.625,1.625
"GSE54650","Hrt",1,"GSM1321111","consensus_accuracy",20,20.1421506459537,0.142150645953748
"GSE54650","Hrt",1,"GSM1321112","consensus_accuracy",22,22.8118827478661,0.811882747866054
"GSE54650","Hrt",1,"GSM1321122","consensus_accuracy",18,17.3317472825949,0.668252717405082
"GSE54650","Hrt",1,"GSM1321130","consensus_accuracy",10,10.9052351281276,0.905235128127647
"GSE54650","Hrt",2,"GSM1321113","consensus_accuracy",0,23.8578493540463,0.142150645953748
"GSE54650","Hrt",2,"GSM1321115","consensus_accuracy",4,3.4310345462862,0.568965453713798
"GSE54650","Hrt",2,"GSM1321128","consensus_accuracy",6,6.23693556401049,0.236935564010494
"GSE54650","Hrt",2,"GSM1321129","consensus_accuracy",8,9.04738176855417,1.04738176855417
"GSE54650","Hrt",3,"GSM1321124","consensus_accuracy",22,20.8104595707294,1.18954042927058
"GSE54650","Hrt",3,"GSM1321125","consensus_accuracy",0,22.1895404292706,1.81045957072942
"GSE54650","Hrt",3,"GSM1321131","consensus_accuracy",12,12.0947648718724,0.0947648718723535
"GSE54650","Hrt",3,"GSM1321132","consensus_accuracy",14,15.2369355640105,1.23693556401051
"GSE54650","Hrt",4,"GSM1321110","consensus_accuracy",18,16.7114817172231,1.28851828277687
"GSE54650","Hrt",4,"GSM1321117","consensus_accuracy",8,7.76306443598951,0.236935564010492
"GSE54650","Hrt",4,"GSM1321119","consensus_accuracy",12,10.5689654537138,1.4310345462862
"GSE54650","Hrt",4,"GSM1321120","consensus_accuracy",14,13.4265966612683,0.57340333873166
"GSE54650","Hrt",5,"GSM1321114","consensus_accuracy",2,0.568965453713797,1.4310345462862
"GSE54650","Hrt",5,"GSM1321118","consensus_accuracy",10,10,0
"GSE54650","Hrt",5,"GSM1321123","consensus_accuracy",20,20.9052351281276,0.905235128127643
"GSE54650","Hrt",5,"GSM1321127","consensus_accuracy",4,5.57340333873166,1.57340333873166
"GSE54650","Hyp",1,"GSM1321135","consensus_equal",20,23.4583333333333,3.45833333333335
"GSE54650","Hyp",1,"GSM1321136","consensus_equal",22,18.625,3.375
"GSE54650","Hyp",1,"GSM1321146","consensus_equal",18,20.375,2.375
"GSE54650","Hyp",1,"GSM1321154","consensus_equal",10,12.1666666666667,2.16666666666665
"GSE54650","Hyp",2,"GSM1321137","consensus_equal",0,23.4583333333333,0.54166666666665
"GSE54650","Hyp",2,"GSM1321139","consensus_equal",4,3.875,0.125
"GSE54650","Hyp",2,"GSM1321152","consensus_equal",6,6.41666666666667,0.416666666666666
"GSE54650","Hyp",2,"GSM1321153","consensus_equal",8,8,0
"GSE54650","Hyp",3,"GSM1321148","consensus_equal",22,23.7083333333333,1.70833333333335
"GSE54650","Hyp",3,"GSM1321149","consensus_equal",0,22.375,1.625
"GSE54650","Hyp",3,"GSM1321155","consensus_equal",12,10.4166666666667,1.58333333333335
"GSE54650","Hyp",3,"GSM1321156","consensus_equal",14,14.7916666666666,0.791666666666648
"GSE54650","Hyp",4,"GSM1321134","consensus_equal",18,20,2
"GSE54650","Hyp",4,"GSM1321141","consensus_equal",8,7.33333333333333,0.666666666666666
"GSE54650","Hyp",4,"GSM1321143","consensus_equal",12,10.7916666666667,1.20833333333335
"GSE54650","Hyp",4,"GSM1321144","consensus_equal",14,14.7916666666666,0.791666666666648
"GSE54650","Hyp",5,"GSM1321138","consensus_equal",2,1.25,0.75
"GSE54650","Hyp",5,"GSM1321142","consensus_equal",10,9.16666666666665,0.83333333333335
"GSE54650","Hyp",5,"GSM1321147","consensus_equal",20,22.25,2.25
"GSE54650","Hyp",5,"GSM1321151","consensus_equal",4,5.66666666666667,1.66666666666667
"GSE54650","Hyp",1,"GSM1321135","consensus_accuracy",20,23.2371809867066,3.23718098670663
"GSE54650","Hyp",1,"GSM1321136","consensus_accuracy",22,19.8535076626083,2.14649233739172
"GSE54650","Hyp",1,"GSM1321146","consensus_accuracy",18,18.4060425651292,0.406042565129198
"GSE54650","Hyp",1,"GSM1321154","consensus_accuracy",10,11.3710868095084,1.37108680950839
"GSE54650","Hyp",2,"GSM1321137","consensus_accuracy",0,23.6451632700341,0.354836729965871
"GSE54650","Hyp",2,"GSM1321139","consensus_accuracy",4,3.82423554627068,0.175764453729324
"GSE54650","Hyp",2,"GSM1321152","consensus_accuracy",6,6.17828798637363,0.178287986373626
"GSE54650","Hyp",2,"GSM1321153","consensus_accuracy",8,8,0
"GSE54650","Hyp",3,"GSM1321148","consensus_accuracy",22,23.5897257105258,1.5897257105258
"GSE54650","Hyp",3,"GSM1321149","consensus_accuracy",0,22.5276576562592,1.47234234374083
"GSE54650","Hyp",3,"GSM1321155","consensus_accuracy",12,10.5863934488559,1.4136065511441
"GSE54650","Hyp",3,"GSM1321156","consensus_accuracy",14,14.7070143593553,0.707014359355341
"GSE54650","Hyp",4,"GSM1321134","consensus_accuracy",18,20,2
"GSE54650","Hyp",4,"GSM1321141","consensus_accuracy",8,7.06035379282052,0.939646207179482
"GSE54650","Hyp",4,"GSM1321143","consensus_accuracy",12,11.1169728926633,0.883027107336702
"GSE54650","Hyp",4,"GSM1321144","consensus_accuracy",14,15.1169728926633,1.1169728926633
"GSE54650","Hyp",5,"GSM1321138","consensus_accuracy",2,1.77312518873797,0.22687481126203
"GSE54650","Hyp",5,"GSM1321142","consensus_accuracy",10,9.65298246127095,0.347017538729052
"GSE54650","Hyp",5,"GSM1321147","consensus_accuracy",20,21.495217247846,1.49521724784598
"GSE54650","Hyp",5,"GSM1321151","consensus_accuracy",4,5.53104758010923,1.53104758010923
"GSE54650","Kid",1,"GSM1321159","consensus_equal",20,20.5416666666667,0.54166666666665
"GSE54650","Kid",1,"GSM1321160","consensus_equal",22,22.25,0.249999999999996
"GSE54650","Kid",1,"GSM1321170","consensus_equal",18,17.875,0.125
"GSE54650","Kid",1,"GSM1321178","consensus_equal",10,9.79166666666665,0.20833333333335
"GSE54650","Kid",2,"GSM1321161","consensus_equal",0,0.5,0.5
"GSE54650","Kid",2,"GSM1321163","consensus_equal",4,3.70833333333333,0.291666666666665
"GSE54650","Kid",2,"GSM1321176","consensus_equal",6,6.79166666666667,0.791666666666665
"GSE54650","Kid",2,"GSM1321177","consensus_equal",8,8.95833333333334,0.958333333333336
"GSE54650","Kid",3,"GSM1321172","consensus_equal",22,20.3333333333333,1.66666666666665
"GSE54650","Kid",3,"GSM1321173","consensus_equal",0,22.5,1.5
"GSE54650","Kid",3,"GSM1321179","consensus_equal",12,11.9583333333333,0.0416666666666501
"GSE54650","Kid",3,"GSM1321180","consensus_equal",14,15.0416666666667,1.04166666666665
"GSE54650","Kid",4,"GSM1321158","consensus_equal",18,17.2916666666667,0.70833333333335
"GSE54650","Kid",4,"GSM1321165","consensus_equal",8,8.125,0.124999999999998
"GSE54650","Kid",4,"GSM1321167","consensus_equal",12,10.375,1.625
"GSE54650","Kid",4,"GSM1321168","consensus_equal",14,12.5416666666666,1.45833333333335
"GSE54650","Kid",5,"GSM1321162","consensus_equal",2,2.70833333333333,0.708333333333335
"GSE54650","Kid",5,"GSM1321166","consensus_equal",10,10.0416666666667,0.0416666666666501
"GSE54650","Kid",5,"GSM1321171","consensus_equal",20,20.625,0.625
"GSE54650","Kid",5,"GSM1321175","consensus_equal",4,4.875,0.875000000000001
"GSE54650","Kid",1,"GSM1321159","consensus_accuracy",20,20.4370233624269,0.437023362426871
"GSE54650","Kid",1,"GSM1321160","consensus_accuracy",22,22.3068952433592,0.306895243359211
"GSE54650","Kid",1,"GSM1321170","consensus_accuracy",18,17.8465812878223,0.153418712177743
"GSE54650","Kid",1,"GSM1321178","consensus_accuracy",10,9.97407344013205,0.0259265598679548
"GSE54650","Kid",2,"GSM1321161","consensus_accuracy",0,0.385744202395618,0.385744202395618
"GSE54650","Kid",2,"GSM1321163","consensus_accuracy",4,3.64192301367596,0.358076986324037
"GSE54650","Kid",2,"GSM1321176","consensus_accuracy",6,6.74427360758111,0.744273607581114
"GSE54650","Kid",2,"GSM1321177","consensus_accuracy",8,8.94886328014553,0.948863280145531
"GSE54650","Kid",3,"GSM1321172","consensus_accuracy",22,20.4092737986738,1.59072620132621
"GSE54650","Kid",3,"GSM1321173","consensus_accuracy",0,22.6142557976044,1.38574420239562
"GSE54650","Kid",3,"GSM1321179","consensus_accuracy",12,11.9488632801456,0.0511367198544495
"GSE54650","Kid",3,"GSM1321180","consensus_accuracy",14,15.0511367198544,1.05113671985445
"GSE54650","Kid",4,"GSM1321158","consensus_accuracy",18,17.358076986324,0.641923013675978
"GSE54650","Kid",4,"GSM1321165","consensus_accuracy",8,8.15341871217774,0.153418712177741
"GSE54650","Kid",4,"GSM1321167","consensus_accuracy",12,10.4604878711063,1.53951212889371
"GSE54650","Kid",4,"GSM1321168","consensus_accuracy",14,12.6655611538167,1.3344388461833
"GSE54650","Kid",5,"GSM1321162","consensus_accuracy",2,2.64192301367596,0.641923013675963
"GSE54650","Kid",5,"GSM1321166","consensus_accuracy",10,10.0511367198544,0.0511367198544495
"GSE54650","Kid",5,"GSM1321171","consensus_accuracy",20,20.5395121288937,0.539512128893705
"GSE54650","Kid",5,"GSM1321175","consensus_accuracy",4,4.84658128782226,0.846581287822258
"GSE54650","Liv",1,"GSM1321183","consensus_equal",20,21.75,1.75
"GSE54650","Liv",1,"GSM1321184","consensus_equal",22,23.2083333333333,1.20833333333335
"GSE54650","Liv",1,"GSM1321194","consensus_equal",18,17.25,0.75
"GSE54650","Liv",1,"GSM1321202","consensus_equal",10,10.4583333333333,0.45833333333335
"GSE54650","Liv",2,"GSM1321185","consensus_equal",0,23.9166666666667,0.0833333333333499
"GSE54650","Liv",2,"GSM1321187","consensus_equal",4,3.33333333333333,0.666666666666665
"GSE54650","Liv",2,"GSM1321200","consensus_equal",6,6.95833333333334,0.958333333333336
"GSE54650","Liv",2,"GSM1321201","consensus_equal",8,8.58333333333334,0.583333333333336
"GSE54650","Liv",3,"GSM1321196","consensus_equal",22,20.5833333333333,1.41666666666665
"GSE54650","Liv",3,"GSM1321197","consensus_equal",0,20.5416666666667,3.45833333333335
"GSE54650","Liv",3,"GSM1321203","consensus_equal",12,12.125,0.125
"GSE54650","Liv",3,"GSM1321204","consensus_equal",14,14.625,0.625
"GSE54650","Liv",4,"GSM1321182","consensus_equal",18,17.2916666666667,0.70833333333335
"GSE54650","Liv",4,"GSM1321189","consensus_equal",8,8.58333333333334,0.583333333333336
"GSE54650","Liv",4,"GSM1321191","consensus_equal",12,11.0833333333333,0.91666666666665
"GSE54650","Liv",4,"GSM1321192","consensus_equal",14,13.8333333333333,0.16666666666665
"GSE54650","Liv",5,"GSM1321186","consensus_equal",2,2.58333333333333,0.583333333333335
"GSE54650","Liv",5,"GSM1321190","consensus_equal",10,9.5,0.5
"GSE54650","Liv",5,"GSM1321195","consensus_equal",20,20.5416666666667,0.54166666666665
"GSE54650","Liv",5,"GSM1321199","consensus_equal",4,4.91666666666667,0.916666666666665
"GSE54650","Liv",1,"GSM1321183","consensus_accuracy",20,21.7567664141727,1.75676641417272
"GSE54650","Liv",1,"GSM1321184","consensus_accuracy",22,23.2026971168468,1.20269711684677
"GSE54650","Liv",1,"GSM1321194","consensus_accuracy",18,17.2149572059215,0.785042794078464
"GSE54650","Liv",1,"GSM1321202","consensus_accuracy",10,10.4458861946855,0.445886194685471
"GSE54650","Liv",2,"GSM1321185","consensus_accuracy",0,23.9467564888968,0.0532435111031617
"GSE54650","Liv",2,"GSM1321187","consensus_accuracy",4,3.35153642401586,0.64846357598414
"GSE54650","Liv",2,"GSM1321200","consensus_accuracy",6,6.95945950409531,0.959459504095315
"GSE54650","Liv",2,"GSM1321201","consensus_accuracy",8,8.56744394044158,0.567443940441581
"GSE54650","Liv",3,"GSM1321196","consensus_accuracy",22,20.5946394415598,1.40536055844015
"GSE54650","Liv",3,"GSM1321197","consensus_accuracy",0,20.5541138053145,3.44588619468547
"GSE54650","Liv",3,"GSM1321203","consensus_accuracy",12,12.121620415995,0.121620415994975
"GSE54650","Liv",3,"GSM1321204","consensus_accuracy",14,14.6079558401809,0.607955840180878
"GSE54650","Liv",4,"GSM1321182","consensus_accuracy",18,17.2837684386637,0.716231561336258
"GSE54650","Liv",4,"GSM1321189","consensus_accuracy",8,8.59463944155983,0.594639441559835
"GSE54650","Liv",4,"GSM1321191","consensus_accuracy",12,11.0810807239433,0.918919276056677
"GSE54650","Liv",4,"GSM1321192","consensus_accuracy",14,13.8378406965714,0.162159303428634
"GSE54650","Liv",5,"GSM1321186","consensus_accuracy",2,2.59463944155984,0.594639441559835
"GSE54650","Liv",5,"GSM1321190","consensus_accuracy",10,9.48640882767425,0.513591172325754
"GSE54650","Liv",5,"GSM1321195","consensus_accuracy",20,20.5541138053145,0.554113805314529
"GSE54650","Liv",5,"GSM1321199","consensus_accuracy",4,4.91891927605669,0.918919276056691
"GSE54650","Lun",1,"GSM1321207","consensus_equal",20,20.1666666666667,0.16666666666665
"GSE54650","Lun",1,"GSM1321208","consensus_equal",22,22.6666666666667,0.66666666666665
"GSE54650","Lun",1,"GSM1321218","consensus_equal",18,17.25,0.75
"GSE54650","Lun",1,"GSM1321226","consensus_equal",10,10.375,0.375
"GSE54650","Lun",2,"GSM1321209","consensus_equal",0,0.583333333333333,0.583333333333333
"GSE54650","Lun",2,"GSM1321211","consensus_equal",4,3.95833333333333,0.0416666666666652
"GSE54650","Lun",2,"GSM1321224","consensus_equal",6,6.375,0.375
"GSE54650","Lun",2,"GSM1321225","consensus_equal",8,8.45833333333334,0.458333333333336
"GSE54650","Lun",3,"GSM1321220","consensus_equal",22,21.0833333333333,0.91666666666665
"GSE54650","Lun",3,"GSM1321221","consensus_equal",0,22.875,1.125
"GSE54650","Lun",3,"GSM1321227","consensus_equal",12,12,0
"GSE54650","Lun",3,"GSM1321228","consensus_equal",14,15.0416666666667,1.04166666666665
"GSE54650","Lun",4,"GSM1321206","consensus_equal",18,17.0416666666667,0.95833333333335
"GSE54650","Lun",4,"GSM1321213","consensus_equal",8,8.08333333333333,0.0833333333333339
"GSE54650","Lun",4,"GSM1321215","consensus_equal",12,10.9583333333333,1.04166666666665
"GSE54650","Lun",4,"GSM1321216","consensus_equal",14,13.2083333333333,0.791666666666652
"GSE54650","Lun",5,"GSM1321210","consensus_equal",2,2.58333333333333,0.583333333333335
"GSE54650","Lun",5,"GSM1321214","consensus_equal",10,9.66666666666665,0.33333333333335
"GSE54650","Lun",5,"GSM1321219","consensus_equal",20,19.8333333333333,0.16666666666665
"GSE54650","Lun",5,"GSM1321223","consensus_equal",4,4.91666666666667,0.916666666666665
"GSE54650","Lun",1,"GSM1321207","consensus_accuracy",20,20.1708211405463,0.170821140546263
"GSE54650","Lun",1,"GSM1321208","consensus_accuracy",22,22.6583418593902,0.658341859390216
"GSE54650","Lun",1,"GSM1321218","consensus_accuracy",18,17.256236660308,0.743763339692045
"GSE54650","Lun",1,"GSM1321226","consensus_accuracy",10,10.3843717468211,0.384371746821056
"GSE54650","Lun",2,"GSM1321209","consensus_accuracy",0,0.572912396261062,0.572912396261062
"GSE54650","Lun",2,"GSM1321211","consensus_accuracy",4,3.95729533251972,0.0427046674802751
"GSE54650","Lun",2,"GSM1321224","consensus_accuracy",6,6.38437174682106,0.384371746821056
"GSE54650","Lun",2,"GSM1321225","consensus_accuracy",8,8.4698059690153,0.469805969015299
"GSE54650","Lun",3,"GSM1321220","consensus_accuracy",22,21.0854095818821,0.914590418117921
"GSE54650","Lun",3,"GSM1321221","consensus_accuracy",0,22.8718850096382,1.1281149903618
"GSE54650","Lun",3,"GSM1321227","consensus_accuracy",12,12,0
"GSE54650","Lun",3,"GSM1321228","consensus_accuracy",14,15.0427046674803,1.04270466748026
"GSE54650","Lun",4,"GSM1321206","consensus_accuracy",18,17.0427046674803,0.957295332519742
"GSE54650","Lun",4,"GSM1321213","consensus_accuracy",8,8.08540958188206,0.0854095818820628
"GSE54650","Lun",4,"GSM1321215","consensus_accuracy",12,10.9572953325197,1.04270466748026
"GSE54650","Lun",4,"GSM1321216","consensus_accuracy",14,13.213528280769,0.786471719230986
"GSE54650","Lun",5,"GSM1321210","consensus_accuracy",2,2.57291239626106,0.572912396261064
"GSE54650","Lun",5,"GSM1321214","consensus_accuracy",10,9.68344462345142,0.316555376548576
"GSE54650","Lun",5,"GSM1321219","consensus_accuracy",20,19.8291788594537,0.170821140546259
"GSE54650","Lun",5,"GSM1321223","consensus_accuracy",4,4.91459041811794,0.914590418117937
"GSE54650","Mus",1,"GSM1321231","consensus_equal",20,19.1666666666667,0.83333333333335
"GSE54650","Mus",1,"GSM1321232","consensus_equal",22,23.1666666666667,1.16666666666665
"GSE54650","Mus",1,"GSM1321242","consensus_equal",18,17.75,0.25
"GSE54650","Mus",1,"GSM1321250","consensus_equal",10,10.3333333333333,0.33333333333335
"GSE54650","Mus",2,"GSM1321233","consensus_equal",0,23.0416666666667,0.95833333333335
"GSE54650","Mus",2,"GSM1321235","consensus_equal",4,3.58333333333333,0.416666666666665
"GSE54650","Mus",2,"GSM1321248","consensus_equal",6,6.20833333333334,0.208333333333336
"GSE54650","Mus",2,"GSM1321249","consensus_equal",8,8.75,0.75
"GSE54650","Mus",3,"GSM1321244","consensus_equal",22,21.125,0.875
"GSE54650","Mus",3,"GSM1321245","consensus_equal",0,23.5,0.5
"GSE54650","Mus",3,"GSM1321251","consensus_equal",12,12.5416666666666,0.541666666666648
"GSE54650","Mus",3,"GSM1321252","consensus_equal",14,15.2083333333333,1.20833333333335
"GSE54650","Mus",4,"GSM1321230","consensus_equal",18,17.0416666666667,0.95833333333335
"GSE54650","Mus",4,"GSM1321237","consensus_equal",8,7.875,0.125000000000002
"GSE54650","Mus",4,"GSM1321239","consensus_equal",12,11.25,0.750000000000002
"GSE54650","Mus",4,"GSM1321240","consensus_equal",14,13.5,0.500000000000002
"GSE54650","Mus",5,"GSM1321234","consensus_equal",2,2.75,0.75
"GSE54650","Mus",5,"GSM1321238","consensus_equal",10,9.5,0.5
"GSE54650","Mus",5,"GSM1321243","consensus_equal",20,19.9166666666667,0.0833333333333499
"GSE54650","Mus",5,"GSM1321247","consensus_equal",4,5.25,1.25
"GSE54650","Mus",1,"GSM1321231","consensus_accuracy",20,19.1672029126992,0.832797087300818
"GSE54650","Mus",1,"GSM1321232","consensus_accuracy",22,23.1639438014237,1.16394380142367
"GSE54650","Mus",1,"GSM1321242","consensus_accuracy",18,17.749194991696,0.250805008304049
"GSE54650","Mus",1,"GSM1321250","consensus_accuracy",10,10.3344078737499,0.334407873749864
"GSE54650","Mus",2,"GSM1321233","consensus_accuracy",0,23.041800648401,0.958199351598999
"GSE54650","Mus",2,"GSM1321235","consensus_accuracy",4,3.58198822976815,0.418011770231849
"GSE54650","Mus",2,"GSM1321248","consensus_accuracy",6,6.20900388046906,0.20900388046906
"GSE54650","Mus",2,"GSM1321249","consensus_accuracy",8,8.74919499169595,0.749194991695951
"GSE54650","Mus",3,"GSM1321244","consensus_accuracy",22,21.1254020727986,0.874597927201439
"GSE54650","Mus",3,"GSM1321245","consensus_accuracy",0,23.4983830370796,0.501616962920373
"GSE54650","Mus",3,"GSM1321251","consensus_accuracy",12,12.5434201295534,0.543420129553425
"GSE54650","Mus",3,"GSM1321252","consensus_accuracy",14,15.2090038804691,1.20900388046907
"GSE54650","Mus",4,"GSM1321230","consensus_accuracy",18,17.041800648401,0.958199351598999
"GSE54650","Mus",4,"GSM1321237","consensus_accuracy",8,7.87459792720144,0.125402072798563
"GSE54650","Mus",4,"GSM1321239","consensus_accuracy",12,11.250805008304,0.749194991695951
"GSE54650","Mus",4,"GSM1321240","consensus_accuracy",14,13.5016169629204,0.498383037079629
"GSE54650","Mus",5,"GSM1321234","consensus_accuracy",2,2.74919499169595,0.749194991695952
"GSE54650","Mus",5,"GSM1321238","consensus_accuracy",10,9.50161696292037,0.498383037079629
"GSE54650","Mus",5,"GSM1321243","consensus_accuracy",20,19.9163986713067,0.0836013286933408
"GSE54650","Mus",5,"GSM1321247","consensus_accuracy",4,5.25080500830405,1.25080500830405
"GSE54650","WFat",1,"GSM1321255","consensus_equal",20,20.9166666666667,0.91666666666665
"GSE54650","WFat",1,"GSM1321256","consensus_equal",22,23.7916666666667,1.79166666666667
"GSE54650","WFat",1,"GSM1321266","consensus_equal",18,17.875,0.125
"GSE54650","WFat",1,"GSM1321274","consensus_equal",10,9.75,0.250000000000002
"GSE54650","WFat",2,"GSM1321257","consensus_equal",0,23.7916666666667,0.20833333333335
"GSE54650","WFat",2,"GSM1321259","consensus_equal",4,3.58333333333333,0.416666666666665
"GSE54650","WFat",2,"GSM1321272","consensus_equal",6,6.875,0.875000000000001
"GSE54650","WFat",2,"GSM1321273","consensus_equal",8,9.16666666666667,1.16666666666667
"GSE54650","WFat",3,"GSM1321268","consensus_equal",22,21.2083333333333,0.79166666666665
"GSE54650","WFat",3,"GSM1321269","consensus_equal",0,23.375,0.625
"GSE54650","WFat",3,"GSM1321275","consensus_equal",12,12.4583333333333,0.45833333333335
"GSE54650","WFat",3,"GSM1321276","consensus_equal",14,15.7083333333333,1.70833333333335
"GSE54650","WFat",4,"GSM1321254","consensus_equal",18,17.875,0.125
"GSE54650","WFat",4,"GSM1321261","consensus_equal",8,7.79166666666667,0.208333333333334
"GSE54650","WFat",4,"GSM1321263","consensus_equal",12,11.2916666666667,0.70833333333335
"GSE54650","WFat",4,"GSM1321264","consensus_equal",14,13.125,0.875000000000004
"GSE54650","WFat",5,"GSM1321258","consensus_equal",2,1.66666666666666,0.333333333333335
"GSE54650","WFat",5,"GSM1321262","consensus_equal",10,10.2916666666667,0.291666666666664
"GSE54650","WFat",5,"GSM1321267","consensus_equal",20,20.7916666666667,0.79166666666665
"GSE54650","WFat",5,"GSM1321271","consensus_equal",4,4.375,0.374999999999999
"GSE54650","WFat",1,"GSM1321255","consensus_accuracy",20,20.9228496402793,0.92284964027931
"GSE54650","WFat",1,"GSM1321256","consensus_accuracy",22,23.7320868960852,1.73208689608515
"GSE54650","WFat",1,"GSM1321266","consensus_accuracy",18,17.8842762904294,0.115723709570627
"GSE54650","WFat",1,"GSM1321274","consensus_accuracy",10,9.69363990079788,0.306360099202124
"GSE54650","WFat",2,"GSM1321257","consensus_accuracy",0,23.8071369204575,0.192863079542519
"GSE54650","WFat",2,"GSM1321259","consensus_accuracy",4,3.61436582756619,0.385634172433808
"GSE54650","WFat",2,"GSM1321272","consensus_accuracy",6,6.88427629042937,0.884276290429375
"GSE54650","WFat",2,"GSM1321273","consensus_accuracy",8,9.15429486147165,1.15429486147165
"GSE54650","WFat",3,"GSM1321268","consensus_accuracy",22,21.1928630795425,0.807136920457484
"GSE54650","WFat",3,"GSM1321269","consensus_accuracy",0,23.4217809026568,0.57821909734319
"GSE54650","WFat",3,"GSM1321275","consensus_accuracy",12,12.4987863457915,0.498786345791498
"GSE54650","WFat",3,"GSM1321276","consensus_accuracy",14,15.7300122439276,1.73001224392761
"GSE54650","WFat",4,"GSM1321254","consensus_accuracy",18,17.8842762904294,0.115723709570627
"GSE54650","WFat",4,"GSM1321261","consensus_accuracy",8,7.8071369204575,0.192863079542503
"GSE54650","WFat",4,"GSM1321263","consensus_accuracy",12,11.2699877560724,0.730012243927614
"GSE54650","WFat",4,"GSM1321264","consensus_accuracy",14,13.1157237095706,0.884276290429376
"GSE54650","WFat",5,"GSM1321258","consensus_accuracy",2,1.6914572739494,0.308542726050601
"GSE54650","WFat",5,"GSM1321262","consensus_accuracy",10,10.3448209572772,0.344820957277197
"GSE54650","WFat",5,"GSM1321267","consensus_accuracy",20,20.8071369204575,0.807136920457481
"GSE54650","WFat",5,"GSM1321271","consensus_accuracy",4,4.34709178380442,0.347091783804422
